"activity_id","religious_group_id"
1,"2309"
2,"2309"
3,"2309"
4,"10354"
5,"4466"
6,"4466"
7,"4466"
8,"4466"
9,"4466"
10,"1392"
11,"8013"
12,"10653"
13,"10653"
14,"10653"
15,"10653"
16,"10653"
17,"10653"
18,"10653"
19,"10653"
20,"10653"
21,"10653"
22,"5407"
23,"5188"
24,"8144"
25,"4503"
26,"4432"
27,"4432"
28,"11588"
29,"7506"
30,"1722"
31,"53"
32,"8172"
33,"5913"
34,"5913"
35,"5913"
36,"5913"
37,"5913"
38,"5678"
39,"1984"
40,"7726"
41,"7726"
42,"7726"
43,"7726"
44,"7726"
45,"2"
46,"2"
47,"2"
48,"2"
49,"773"
50,"7313"
51,"7313"
52,"7313"
53,"4583"
54,"2503"
55,"300"
56,"300"
57,"9810"
58,"875"
59,"10687"
60,"12418"
61,"561"
62,"1727"
63,"2183"
64,"4197"
65,"10306"
66,"5941"
67,"1408"
68,"11744"
69,"11996"
70,"7420"
71,"7418"
72,"7418"
73,"1400"
74,"1400"
75,"11985"
76,"7854"
77,"7854"
78,"7854"
79,"987"
80,"2737"
81,"2737"
82,"2737"
83,"6372"
84,"6372"
85,"4830"
86,"4830"
87,"4830"
88,"3919"
89,"1562"
90,"11914"
91,"11914"
92,"7425"
93,"2816"
94,"11891"
95,"11891"
96,"11891"
97,"5896"
98,"1081"
99,"994"
100,"994"
101,"135"
102,"2160"
103,"2160"
104,"2160"
105,"2160"
106,"2160"
107,"65"
108,"65"
109,"4581"
110,"9685"
111,"7328"
112,"8373"
113,"10543"
114,"9533"
115,"471"
116,"471"
117,"1100"
118,"1100"
119,"1100"
120,"5567"
121,"8222"
122,"8222"
123,"8222"
124,"3623"
125,"3623"
126,"32"
127,"7394"
128,"7394"
129,"7394"
130,"12618"
131,"17"
132,"6088"
133,"1728"
134,"12188"
135,"9207"
136,"2460"
137,"8865"
138,"8865"
139,"7460"
140,"1507"
141,"1507"
142,"17"
143,"2202"
144,"2605"
145,"9359"
146,"9359"
147,"9359"
148,"9359"
149,"9359"
150,"9359"
151,"10427"
152,"10427"
153,"10427"
154,"10427"
155,"5931"
156,"5931"
157,"5931"
158,"5931"
159,"3146"
160,"3146"
161,"3146"
162,"135"
163,"7087"
164,"860"
165,"8842"
166,"1969"
167,"2481"
168,"2481"
169,"2481"
170,"2209"
171,"2209"
172,"2209"
173,"5351"
174,"5351"
175,"5351"
176,"11133"
177,"5039"
178,"11610"
179,"3314"
180,"376"
181,"9200"
182,"9200"
183,"9200"
184,"7926"
185,"6922"
186,"6922"
187,"11906"
188,"7257"
189,"11017"
190,"6350"
191,"351"
192,"8370"
193,"180"
194,"8034"
195,"8895"
196,"4877"
197,"4877"
198,"4877"
199,"4268"
200,"4268"
201,"12626"
202,"5512"
203,"8965"
204,"166"
205,"1785"
206,"4541"
207,"4541"
208,"4541"
209,"5322"
210,"633"
211,"633"
212,"633"
213,"633"
214,"12814"
215,"12814"
216,"2004"
217,"2004"
218,"8026"
219,"1086"
220,"1233"
221,"2715"
222,"2715"
223,"2715"
224,"6115"
225,"3103"
226,"3717"
227,"2491"
228,"166"
229,"7179"
230,"2449"
231,"2449"
232,"11291"
233,"7523"
234,"385"
235,"12453"
236,"9706"
237,"300"
238,"1741"
239,"597"
240,"6188"
241,"166"
242,"2226"
243,"12878"
244,"12878"
245,"12878"
246,"4942"
247,"4942"
248,"10272"
249,"10557"
250,"7241"
251,"2786"
252,"2786"
253,"242"
254,"242"
255,"242"
256,"242"
257,"242"
258,"242"
259,"242"
260,"4351"
261,"11231"
262,"7497"
263,"8824"
264,"377"
265,"377"
266,"1373"
267,"846"
268,"1389"
269,"3693"
270,"817"
271,"1526"
272,"178"
273,"764"
274,"10629"
275,"11733"
276,"10814"
277,"510"
278,"510"
279,"510"
280,"510"
281,"129"
282,"129"
283,"129"
284,"129"
285,"129"
286,"129"
287,"487"
288,"487"
289,"6745"
290,"388"
291,"10015"
292,"10015"
293,"10015"
294,"3403"
295,"3403"
296,"3403"
297,"3403"
298,"10807"
299,"9402"
300,"12178"
301,"2347"
302,"6927"
303,"3148"
304,"2349"
305,"18"
306,"2721"
307,"6550"
308,"8520"
309,"9009"
310,"1059"
311,"1134"
312,"1134"
313,"1134"
314,"1926"
315,"73"
316,"73"
317,"814"
318,"5442"
319,"4153"
320,"1299"
321,"3171"
322,"12179"
323,"12179"
324,"5572"
325,"10115"
326,"2282"
327,"7308"
328,"8094"
329,"8094"
330,"10375"
331,"7894"
332,"6893"
333,"4113"
334,"4113"
335,"11959"
336,"11959"
337,"2480"
338,"2480"
339,"339"
340,"339"
341,"3103"
342,"3865"
343,"9042"
344,"9997"
345,"9997"
346,"5582"
347,"2873"
348,"2873"
349,"9761"
350,"9761"
351,"2641"
352,"3882"
353,"3882"
354,"3882"
355,"3882"
356,"8188"
357,"8188"
358,"8188"
359,"178"
360,"2546"
361,"9573"
362,"184"
363,"1419"
364,"8939"
365,"1448"
366,"5271"
367,"1906"
368,"3090"
369,"3090"
370,"1018"
371,"10992"
372,"201"
373,"2630"
374,"5477"
375,"6732"
376,"56"
377,"56"
378,"56"
379,"4918"
380,"630"
381,"2257"
382,"5873"
383,"12644"
384,"8535"
385,"376"
386,"80"
387,"80"
388,"11951"
389,"528"
390,"5407"
391,"7628"
392,"8136"
393,"7855"
394,"5051"
395,"2480"
396,"7760"
397,"7760"
398,"7760"
399,"4787"
400,"116"
401,"1988"
402,"7337"
403,"29"
404,"855"
405,"7126"
406,"12756"
407,"12756"
408,"12662"
409,"11924"
410,"721"
411,"721"
412,"721"
413,"11969"
414,"104"
415,"5558"
416,"5558"
417,"5558"
418,"5558"
419,"5558"
420,"5558"
421,"5558"
422,"9706"
423,"616"
424,"4455"
425,"6713"
426,"1564"
427,"12057"
428,"1660"
429,"5327"
430,"5152"
431,"7510"
432,"7510"
433,"7510"
434,"467"
435,"9476"
436,"9476"
437,"9476"
438,"9476"
439,"9476"
440,"135"
441,"3243"
442,"3243"
443,"3243"
444,"180"
445,"1770"
446,"5257"
447,"2740"
448,"885"
449,"10556"
450,"7452"
451,"7452"
452,"166"
453,"166"
454,"3922"
455,"5655"
456,"12057"
457,"12057"
458,"3678"
459,"3678"
460,"3678"
461,"1012"
462,"1012"
463,"10553"
464,"10553"
465,"12183"
466,"1526"
467,"2559"
468,"2346"
469,"2346"
470,"2346"
471,"2250"
472,"5484"
473,"7969"
474,"2774"
475,"3786"
476,"704"
477,"7812"
478,"465"
479,"8983"
480,"9794"
481,"8678"
482,"5735"
483,"311"
484,"311"
485,"12123"
486,"6215"
487,"4238"
488,"7503"
489,"3012"
490,"11679"
491,"135"
492,"10986"
493,"10362"
494,"71"
495,"96"
496,"198"
497,"6176"
498,"4264"
499,"7742"
500,"161"
501,"6581"
502,"6581"
503,"7378"
504,"10763"
505,"4920"
506,"4920"
507,"4920"
508,"7130"
509,"4445"
510,"6802"
511,"198"
512,"10894"
513,"10894"
514,"914"
515,"77"
516,"8300"
517,"8300"
518,"11516"
519,"11516"
520,"2872"
521,"2872"
522,"2872"
523,"4959"
524,"20"
525,"6008"
526,"145"
527,"145"
528,"12222"
529,"295"
530,"295"
531,"10608"
532,"456"
533,"1295"
534,"3397"
535,"11431"
536,"3662"
537,"7764"
538,"7764"
539,"3596"
540,"4868"
541,"4454"
542,"34"
543,"5323"
544,"11108"
545,"11108"
546,"29"
547,"3179"
548,"5004"
549,"10353"
550,"615"
551,"615"
552,"615"
553,"1102"
554,"3637"
555,"3637"
556,"11516"
557,"11516"
558,"11516"
559,"11516"
560,"11516"
561,"11516"
562,"818"
563,"818"
564,"818"
565,"818"
566,"3917"
567,"607"
568,"7324"
569,"421"
570,"3919"
571,"5534"
572,"5534"
573,"3873"
574,"12617"
575,"4887"
576,"4887"
577,"23"
578,"23"
579,"10493"
580,"9788"
581,"3637"
582,"32"
583,"32"
584,"32"
585,"5174"
586,"266"
587,"617"
588,"617"
589,"617"
590,"5651"
591,"6572"
592,"933"
593,"32"
594,"12651"
595,"6987"
596,"6356"
597,"7440"
598,"296"
599,"5111"
600,"32"
601,"723"
602,"723"
603,"10776"
604,"2773"
605,"6724"
606,"1122"
607,"12325"
608,"12325"
609,"4126"
610,"4126"
611,"166"
612,"166"
613,"166"
614,"75"
615,"75"
616,"7075"
617,"2"
618,"8243"
619,"8243"
620,"8243"
621,"166"
622,"8980"
623,"5368"
624,"4700"
625,"6226"
626,"6133"
627,"6133"
628,"311"
629,"2604"
630,"9975"
631,"9975"
632,"9975"
633,"9975"
634,"9975"
635,"9975"
636,"10992"
637,"10801"
638,"8773"
639,"8773"
640,"11395"
641,"999"
642,"3890"
643,"832"
644,"1082"
645,"11852"
646,"4236"
647,"23"
648,"23"
649,"11175"
650,"8043"
651,"3812"
652,"7769"
653,"7769"
654,"7769"
655,"4217"
656,"6425"
657,"3326"
658,"7822"
659,"7822"
660,"5812"
661,"5812"
662,"5812"
663,"10634"
664,"2681"
665,"9361"
666,"8520"
667,"686"
668,"106"
669,"106"
670,"6654"
671,"6654"
672,"6654"
673,"5462"
674,"4532"
675,"4532"
676,"6848"
677,"6848"
678,"6848"
679,"12031"
680,"6894"
681,"6894"
682,"11415"
683,"11415"
684,"259"
685,"2233"
686,"2233"
687,"2431"
688,"7955"
689,"1010"
690,"135"
691,"135"
692,"135"
693,"135"
694,"135"
695,"135"
696,"135"
697,"2908"
698,"2908"
699,"10407"
700,"7925"
701,"7485"
702,"8413"
703,"351"
704,"12970"
705,"12970"
706,"12970"
707,"12970"
708,"12970"
709,"5598"
710,"5598"
711,"5598"
712,"1140"
713,"11415"
714,"56"
715,"753"
716,"1079"
717,"7754"
718,"7754"
719,"11895"
720,"11895"
721,"11895"
722,"11895"
723,"11895"
724,"11895"
725,"11895"
726,"11895"
727,"11895"
728,"11895"
729,"11895"
730,"11895"
731,"11895"
732,"11895"
733,"11895"
734,"11895"
735,"11895"
736,"2"
737,"12446"
738,"12446"
739,"12446"
740,"12446"
741,"1304"
742,"1740"
743,"1740"
744,"9610"
745,"7691"
746,"2160"
747,"1140"
748,"11730"
749,"11730"
750,"6556"
751,"6556"
752,"8005"
753,"442"
754,"1992"
755,"900"
756,"9474"
757,"9474"
758,"1964"
759,"1964"
760,"1964"
761,"10068"
762,"8014"
763,"8014"
764,"3148"
765,"3221"
766,"3221"
767,"7545"
768,"4536"
769,"3298"
770,"1120"
771,"7686"
772,"10731"
773,"10731"
774,"10731"
775,"11882"
776,"8687"
777,"866"
778,"866"
779,"3858"
780,"6424"
781,"4133"
782,"3624"
783,"3624"
784,"3624"
785,"6963"
786,"3344"
787,"149"
788,"8574"
789,"8574"
790,"8574"
791,"3353"
792,"10891"
793,"11691"
794,"5119"
795,"149"
796,"2643"
797,"2643"
798,"2643"
799,"9311"
800,"9311"
801,"4840"
802,"9029"
803,"10731"
804,"10731"
805,"10731"
806,"10731"
807,"10731"
808,"166"
809,"166"
810,"166"
811,"6144"
812,"7514"
813,"2260"
814,"6707"
815,"6707"
816,"1526"
817,"9527"
818,"23"
819,"23"
820,"23"
821,"23"
822,"23"
823,"23"
824,"8667"
825,"7036"
826,"7036"
827,"7036"
828,"2518"
829,"5746"
830,"2119"
831,"2119"
832,"2119"
833,"2119"
834,"2119"
835,"1640"
836,"9665"
837,"56"
838,"4027"
839,"5074"
840,"4303"
841,"2393"
842,"6324"
843,"6324"
844,"5559"
845,"373"
846,"8359"
847,"2421"
848,"2421"
849,"2421"
850,"2421"
851,"10956"
852,"10956"
853,"630"
854,"10295"
855,"6048"
856,"12377"
857,"4467"
858,"10624"
859,"10624"
860,"10624"
861,"10624"
862,"10624"
863,"4"
864,"4"
865,"4"
866,"5597"
867,"5597"
868,"1160"
869,"8376"
870,"647"
871,"3232"
872,"3232"
873,"3232"
874,"1160"
875,"10574"
876,"8686"
877,"8686"
878,"351"
879,"7786"
880,"7786"
881,"7786"
882,"7786"
883,"7786"
884,"3519"
885,"3519"
886,"3519"
887,"3519"
888,"3519"
889,"3519"
890,"3519"
891,"519"
892,"5148"
893,"5148"
894,"5148"
895,"5148"
896,"5148"
897,"5148"
898,"5148"
899,"1895"
900,"1895"
901,"9419"
902,"373"
903,"12275"
904,"561"
905,"10352"
906,"131"
907,"131"
908,"96"
909,"4348"
910,"7760"
911,"7152"
912,"5732"
913,"1160"
914,"3205"
915,"1649"
916,"1649"
917,"1434"
918,"1622"
919,"6592"
920,"6917"
921,"1934"
922,"723"
923,"1177"
924,"3102"
925,"29"
926,"29"
927,"9047"
928,"9208"
929,"857"
930,"7764"
931,"7764"
932,"10516"
933,"5482"
934,"5482"
935,"1944"
936,"1944"
937,"1944"
938,"8284"
939,"6819"
940,"10301"
941,"10301"
942,"10301"
943,"10301"
944,"1836"
945,"9554"
946,"208"
947,"208"
948,"10913"
949,"10913"
950,"10913"
951,"149"
952,"723"
953,"2113"
954,"1082"
955,"23"
956,"2850"
957,"5691"
958,"561"
959,"390"
960,"1189"
961,"1189"
962,"1189"
963,"5810"
964,"4287"
965,"29"
966,"7079"
967,"3208"
968,"11530"
969,"5358"
970,"8616"
971,"10963"
972,"10718"
973,"1721"
974,"1721"
975,"1721"
976,"1721"
977,"1721"
978,"1944"
979,"1944"
980,"1944"
981,"2159"
982,"5009"
983,"29"
984,"9469"
985,"934"
986,"987"
987,"8914"
988,"7254"
989,"453"
990,"779"
991,"376"
992,"10625"
993,"9796"
994,"5884"
995,"5884"
996,"5884"
997,"5884"
998,"5884"
999,"5884"
1000,"9494"
1001,"9494"
1002,"9494"
1003,"770"
1004,"4496"
1005,"4810"
1006,"65"
1007,"65"
1008,"1311"
1009,"11928"
1010,"11928"
1011,"8835"
1012,"4470"
1013,"4470"
1014,"4470"
1015,"333"
1016,"2133"
1017,"6471"
1018,"6471"
1019,"937"
1020,"32"
1021,"32"
1022,"32"
1023,"32"
1024,"32"
1025,"32"
1026,"32"
1027,"560"
1028,"560"
1029,"9023"
1030,"4753"
1031,"9484"
1032,"5832"
1033,"2475"
1034,"5226"
1035,"5884"
1036,"5884"
1037,"5884"
1038,"12071"
1039,"5748"
1040,"1316"
1041,"9951"
1042,"9951"
1043,"8162"
1044,"6625"
1045,"2264"
1046,"7623"
1047,"9873"
1048,"11388"
1049,"11388"
1050,"11388"
1051,"11388"
1052,"3597"
1053,"1056"
1054,"3678"
1055,"7675"
1056,"1750"
1057,"3512"
1058,"3512"
1059,"5665"
1060,"3022"
1061,"3022"
1062,"3022"
1063,"2324"
1064,"2578"
1065,"83"
1066,"791"
1067,"791"
1068,"832"
1069,"832"
1070,"28"
1071,"28"
1072,"28"
1073,"1980"
1074,"11086"
1075,"577"
1076,"74"
1077,"6383"
1078,"6383"
1079,"376"
1080,"1589"
1081,"11702"
1082,"7330"
1083,"9378"
1084,"9480"
1085,"7706"
1086,"330"
1087,"7722"
1088,"278"
1089,"11134"
1090,"11134"
1091,"324"
1092,"324"
1093,"324"
1094,"12527"
1095,"2272"
1096,"2272"
1097,"2272"
1098,"1866"
1099,"7978"
1100,"11767"
1101,"597"
1102,"32"
1103,"5226"
1104,"3001"
1105,"351"
1106,"5653"
1107,"2341"
1108,"2341"
1109,"2341"
1110,"2775"
1111,"89"
1112,"89"
1113,"732"
1114,"732"
1115,"637"
1116,"2885"
1117,"2885"
1118,"2885"
1119,"1377"
1120,"10183"
1121,"522"
1122,"3567"
1123,"166"
1124,"9056"
1125,"9092"
1126,"23"
1127,"403"
1128,"403"
1129,"10250"
1130,"10250"
1131,"83"
1132,"71"
1133,"71"
1134,"7250"
1135,"2226"
1136,"1309"
1137,"289"
1138,"6536"
1139,"6536"
1140,"3206"
1141,"36"
1142,"11561"
1143,"11561"
1144,"11561"
1145,"718"
1146,"5357"
1147,"5341"
1148,"5341"
1149,"5341"
1150,"116"
1151,"10812"
1152,"10812"
1153,"12158"
1154,"12158"
1155,"12158"
1156,"7847"
1157,"7847"
1158,"6432"
1159,"6432"
1160,"20"
1161,"1411"
1162,"7930"
1163,"3818"
1164,"3454"
1165,"3454"
1166,"8579"
1167,"8579"
1168,"10134"
1169,"8393"
1170,"4269"
1171,"9682"
1172,"96"
1173,"5568"
1174,"5568"
1175,"5568"
1176,"5568"
1177,"12038"
1178,"3126"
1179,"3126"
1180,"8352"
1181,"11381"
1182,"8153"
1183,"4350"
1184,"2091"
1185,"4826"
1186,"894"
1187,"4063"
1188,"376"
1189,"3476"
1190,"12149"
1191,"1511"
1192,"1511"
1193,"1511"
1194,"1511"
1195,"1511"
1196,"1511"
1197,"6464"
1198,"1438"
1199,"2728"
1200,"2355"
1201,"2355"
1202,"3013"
1203,"1836"
1204,"1836"
1205,"1836"
1206,"7075"
1207,"7075"
1208,"8195"
1209,"1507"
1210,"6996"
1211,"6996"
1212,"260"
1213,"260"
1214,"791"
1215,"2324"
1216,"1780"
1217,"262"
1218,"262"
1219,"8707"
1220,"11885"
1221,"11885"
1222,"12452"
1223,"10827"
1224,"5521"
1225,"5678"
1226,"5678"
1227,"5678"
1228,"4936"
1229,"6863"
1230,"29"
1231,"10099"
1232,"1226"
1233,"8125"
1234,"8125"
1235,"8125"
1236,"2356"
1237,"6637"
1238,"6637"
1239,"6637"
1240,"8440"
1241,"3293"
1242,"5696"
1243,"5696"
1244,"5696"
1245,"5696"
1246,"747"
1247,"747"
1248,"12438"
1249,"7218"
1250,"3679"
1251,"5684"
1252,"609"
1253,"1120"
1254,"1120"
1255,"1120"
1256,"516"
1257,"80"
1258,"80"
1259,"3514"
1260,"3514"
1261,"96"
1262,"567"
1263,"9082"
1264,"4341"
1265,"8858"
1266,"1485"
1267,"1485"
1268,"218"
1269,"9723"
1270,"96"
1271,"2"
1272,"1518"
1273,"15"
1274,"5189"
1275,"454"
1276,"1507"
1277,"1507"
1278,"10376"
1279,"2559"
1280,"8644"
1281,"7669"
1282,"1357"
1283,"3103"
1284,"3103"
1285,"3103"
1286,"1372"
1287,"8018"
1288,"833"
1289,"833"
1290,"833"
1291,"3122"
1292,"1422"
1293,"1337"
1294,"4246"
1295,"6400"
1296,"3777"
1297,"3777"
1298,"3777"
1299,"3777"
1300,"5166"
1301,"5166"
1302,"5166"
1303,"295"
1304,"3163"
1305,"3163"
1306,"514"
1307,"429"
1308,"1003"
1309,"2449"
1310,"9411"
1311,"388"
1312,"197"
1313,"166"
1314,"166"
1315,"10040"
1316,"1507"
1317,"1507"
1318,"1507"
1319,"12091"
1320,"9529"
1321,"9529"
1322,"9529"
1323,"3558"
1324,"469"
1325,"11648"
1326,"11208"
1327,"11208"
1328,"11208"
1329,"9566"
1330,"9566"
1331,"9566"
1332,"9566"
1333,"9566"
1334,"9566"
1335,"9566"
1336,"9566"
1337,"9566"
1338,"9566"
1339,"9566"
1340,"9566"
1341,"9566"
1342,"9566"
1343,"9566"
1344,"9566"
1345,"9566"
1346,"9566"
1347,"1389"
1348,"1389"
1349,"1389"
1350,"29"
1351,"968"
1352,"7236"
1353,"2458"
1354,"794"
1355,"12122"
1356,"5344"
1357,"10920"
1358,"3222"
1359,"5785"
1360,"9058"
1361,"6431"
1362,"11847"
1363,"376"
1364,"6293"
1365,"6985"
1366,"2219"
1367,"23"
1368,"23"
1369,"6928"
1370,"5821"
1371,"7356"
1372,"7356"
1373,"6856"
1374,"10338"
1375,"5113"
1376,"5113"
1377,"5113"
1378,"5113"
1379,"5113"
1380,"5113"
1381,"5113"
1382,"166"
1383,"166"
1384,"9341"
1385,"9341"
1386,"9341"
1387,"93"
1388,"93"
1389,"93"
1390,"93"
1391,"1589"
1392,"7994"
1393,"10439"
1394,"1577"
1395,"2646"
1396,"1982"
1397,"4492"
1398,"5104"
1399,"5104"
1400,"1981"
1401,"1341"
1402,"1341"
1403,"168"
1404,"171"
1405,"171"
1406,"1253"
1407,"7908"
1408,"7908"
1409,"7908"
1410,"7908"
1411,"7908"
1412,"163"
1413,"163"
1414,"6687"
1415,"4919"
1416,"71"
1417,"71"
1418,"71"
1419,"71"
1420,"3899"
1421,"6569"
1422,"3379"
1423,"3379"
1424,"1092"
1425,"1092"
1426,"8615"
1427,"8615"
1428,"8615"
1429,"8615"
1430,"8615"
1431,"8615"
1432,"8615"
1433,"8615"
1434,"2480"
1435,"2978"
1436,"9748"
1437,"12147"
1438,"1066"
1439,"1693"
1440,"3596"
1441,"1743"
1442,"4554"
1443,"10579"
1444,"10579"
1445,"10579"
1446,"10579"
1447,"5113"
1448,"5113"
1449,"5113"
1450,"5113"
1451,"5113"
1452,"99"
1453,"1102"
1454,"65"
1455,"9398"
1456,"4147"
1457,"4147"
1458,"6"
1459,"5372"
1460,"1087"
1461,"64"
1462,"11887"
1463,"1309"
1464,"438"
1465,"439"
1466,"4222"
1467,"376"
1468,"1672"
1469,"1672"
1470,"1182"
1471,"2622"
1472,"2799"
1473,"166"
1474,"8249"
1475,"3849"
1476,"3849"
1477,"3849"
1478,"11484"
1479,"1098"
1480,"11688"
1481,"11688"
1482,"3090"
1483,"45"
1484,"45"
1485,"45"
1486,"20"
1487,"3810"
1488,"2029"
1489,"8853"
1490,"11101"
1491,"11101"
1492,"11101"
1493,"6108"
1494,"6108"
1495,"3314"
1496,"3314"
1497,"3314"
1498,"1634"
1499,"421"
1500,"13008"
1501,"9712"
1502,"6546"
1503,"2231"
1504,"2231"
1505,"7310"
1506,"176"
1507,"444"
1508,"6368"
1509,"1559"
1510,"1311"
1511,"2160"
1512,"3665"
1513,"1420"
1514,"1304"
1515,"10988"
1516,"239"
1517,"5550"
1518,"460"
1519,"1681"
1520,"10579"
1521,"10579"
1522,"10579"
1523,"10579"
1524,"10579"
1525,"10579"
1526,"576"
1527,"576"
1528,"576"
1529,"7428"
1530,"5268"
1531,"11622"
1532,"9234"
1533,"4975"
1534,"10724"
1535,"900"
1536,"9612"
1537,"1143"
1538,"2373"
1539,"2373"
1540,"2373"
1541,"9022"
1542,"11655"
1543,"11655"
1544,"11655"
1545,"11655"
1546,"1872"
1547,"9785"
1548,"8651"
1549,"8651"
1550,"973"
1551,"8642"
1552,"5072"
1553,"10885"
1554,"8158"
1555,"11484"
1556,"11484"
1557,"9432"
1558,"5835"
1559,"6214"
1560,"6214"
1561,"6214"
1562,"791"
1563,"1901"
1564,"9758"
1565,"6726"
1566,"3544"
1567,"7776"
1568,"8376"
1569,"8378"
1570,"8039"
1571,"8039"
1572,"853"
1573,"10072"
1574,"10072"
1575,"10072"
1576,"10072"
1577,"2991"
1578,"3400"
1579,"5075"
1580,"603"
1581,"2387"
1582,"388"
1583,"826"
1584,"826"
1585,"826"
1586,"200"
1587,"2449"
1588,"2449"
1589,"2449"
1590,"2449"
1591,"2611"
1592,"4858"
1593,"2480"
1594,"7546"
1595,"7546"
1596,"7546"
1597,"7546"
1598,"4190"
1599,"4190"
1600,"1573"
1601,"1573"
1602,"1573"
1603,"1573"
1604,"1573"
1605,"1573"
1606,"1573"
1607,"1573"
1608,"1573"
1609,"1573"
1610,"1636"
1611,"1636"
1612,"1522"
1613,"9377"
1614,"796"
1615,"6102"
1616,"3413"
1617,"12"
1618,"11088"
1619,"8603"
1620,"763"
1621,"58"
1622,"3018"
1623,"5872"
1624,"5860"
1625,"122"
1626,"753"
1627,"753"
1628,"6012"
1629,"3607"
1630,"2166"
1631,"627"
1632,"8158"
1633,"4160"
1634,"10210"
1635,"7862"
1636,"149"
1637,"6854"
1638,"6854"
1639,"1168"
1640,"5724"
1641,"5724"
1642,"239"
1643,"245"
1644,"245"
1645,"11368"
1646,"11368"
1647,"11368"
1648,"96"
1649,"561"
1650,"11537"
1651,"3399"
1652,"5593"
1653,"3196"
1654,"2110"
1655,"2110"
1656,"2110"
1657,"2110"
1658,"2110"
1659,"3905"
1660,"2133"
1661,"259"
1662,"501"
1663,"501"
1664,"501"
1665,"4695"
1666,"4"
1667,"11585"
1668,"2765"
1669,"9668"
1670,"2028"
1671,"7670"
1672,"2"
1673,"1323"
1674,"627"
1675,"627"
1676,"627"
1677,"1509"
1678,"2544"
1679,"5461"
1680,"5349"
1681,"5349"
1682,"5349"
1683,"5349"
1684,"5349"
1685,"5349"
1686,"5518"
1687,"5923"
1688,"9753"
1689,"10514"
1690,"10514"
1691,"10514"
1692,"10514"
1693,"10514"
1694,"10514"
1695,"7071"
1696,"7071"
1697,"7071"
1698,"7071"
1699,"56"
1700,"3694"
1701,"5043"
1702,"5043"
1703,"12594"
1704,"8127"
1705,"3098"
1706,"64"
1707,"64"
1708,"64"
1709,"12255"
1710,"2369"
1711,"142"
1712,"6307"
1713,"6307"
1714,"6307"
1715,"5720"
1716,"5720"
1717,"2262"
1718,"29"
1719,"29"
1720,"71"
1721,"71"
1722,"71"
1723,"4600"
1724,"7439"
1725,"8742"
1726,"9243"
1727,"7091"
1728,"7091"
1729,"1243"
1730,"3957"
1731,"3957"
1732,"3957"
1733,"12663"
1734,"871"
1735,"5220"
1736,"3440"
1737,"3090"
1738,"3090"
1739,"2065"
1740,"11472"
1741,"2309"
1742,"56"
1743,"56"
1744,"56"
1745,"3366"
1746,"3212"
1747,"3212"
1748,"562"
1749,"2850"
1750,"2663"
1751,"2663"
1752,"2663"
1753,"11528"
1754,"526"
1755,"2298"
1756,"4087"
1757,"9825"
1758,"9769"
1759,"1118"
1760,"9755"
1761,"7903"
1762,"7903"
1763,"7903"
1764,"3499"
1765,"121"
1766,"11985"
1767,"3694"
1768,"3694"
1769,"4810"
1770,"4810"
1771,"4810"
1772,"208"
1773,"2993"
1774,"2993"
1775,"2993"
1776,"8772"
1777,"8383"
1778,"8383"
1779,"2032"
1780,"2032"
1781,"2032"
1782,"2032"
1783,"2032"
1784,"2032"
1785,"2032"
1786,"2032"
1787,"2032"
1788,"2032"
1789,"2032"
1790,"2032"
1791,"2032"
1792,"2032"
1793,"2032"
1794,"2032"
1795,"2032"
1796,"7720"
1797,"7720"
1798,"4968"
1799,"7918"
1800,"7918"
1801,"11467"
1802,"1748"
1803,"1748"
1804,"1748"
1805,"4501"
1806,"7286"
1807,"353"
1808,"1871"
1809,"1500"
1810,"1500"
1811,"80"
1812,"6788"
1813,"3716"
1814,"719"
1815,"719"
1816,"9677"
1817,"4251"
1818,"4251"
1819,"3686"
1820,"1855"
1821,"56"
1822,"32"
1823,"8756"
1824,"310"
1825,"3194"
1826,"7897"
1827,"7897"
1828,"1304"
1829,"1304"
1830,"5682"
1831,"11846"
1832,"11846"
1833,"11846"
1834,"10501"
1835,"75"
1836,"7778"
1837,"4482"
1838,"11985"
1839,"6541"
1840,"3961"
1841,"9775"
1842,"9775"
1843,"9775"
1844,"9775"
1845,"421"
1846,"421"
1847,"421"
1848,"421"
1849,"421"
1850,"6427"
1851,"6427"
1852,"11386"
1853,"5724"
1854,"5724"
1855,"5074"
1856,"9453"
1857,"225"
1858,"225"
1859,"225"
1860,"10971"
1861,"10971"
1862,"10971"
1863,"10971"
1864,"10971"
1865,"10971"
1866,"10971"
1867,"10971"
1868,"10971"
1869,"10971"
1870,"10971"
1871,"10971"
1872,"2459"
1873,"6781"
1874,"6781"
1875,"3185"
1876,"2997"
1877,"2997"
1878,"7031"
1879,"12169"
1880,"11104"
1881,"198"
1882,"9310"
1883,"12109"
1884,"2483"
1885,"2483"
1886,"2513"
1887,"2513"
1888,"10121"
1889,"1023"
1890,"96"
1891,"10784"
1892,"10784"
1893,"10784"
1894,"10784"
1895,"10784"
1896,"10784"
1897,"295"
1898,"900"
1899,"4367"
1900,"6470"
1901,"2814"
1902,"2814"
1903,"8942"
1904,"29"
1905,"29"
1906,"11282"
1907,"11282"
1908,"11282"
1909,"9323"
1910,"838"
1911,"4262"
1912,"4262"
1913,"4380"
1914,"59"
1915,"59"
1916,"59"
1917,"23"
1918,"23"
1919,"2326"
1920,"376"
1921,"1100"
1922,"4676"
1923,"4676"
1924,"4676"
1925,"2203"
1926,"1260"
1927,"1260"
1928,"1260"
1929,"12344"
1930,"4274"
1931,"430"
1932,"9267"
1933,"9267"
1934,"412"
1935,"7571"
1936,"597"
1937,"10040"
1938,"2160"
1939,"6760"
1940,"5205"
1941,"2326"
1942,"13"
1943,"13"
1944,"7253"
1945,"7253"
1946,"7253"
1947,"7253"
1948,"7253"
1949,"7638"
1950,"5585"
1951,"5418"
1952,"5418"
1953,"5418"
1954,"5418"
1955,"5418"
1956,"5418"
1957,"5418"
1958,"5418"
1959,"4343"
1960,"4343"
1961,"4343"
1962,"8306"
1963,"1273"
1964,"1273"
1965,"1273"
1966,"7853"
1967,"4472"
1968,"270"
1969,"9721"
1970,"1991"
1971,"1991"
1972,"9604"
1973,"56"
1974,"1568"
1975,"11829"
1976,"11829"
1977,"3232"
1978,"7300"
1979,"3000"
1980,"9999"
1981,"11426"
1982,"5850"
1983,"5498"
1984,"5480"
1985,"5585"
1986,"5585"
1987,"1239"
1988,"11423"
1989,"763"
1990,"5369"
1991,"5683"
1992,"9760"
1993,"71"
1994,"71"
1995,"71"
1996,"71"
1997,"71"
1998,"71"
1999,"4651"
2000,"7350"
2001,"7350"
2002,"7350"
2003,"7350"
2004,"2315"
2005,"2315"
2006,"4002"
2007,"11081"
2008,"4998"
2009,"4998"
2010,"4998"
2011,"4834"
2012,"1304"
2013,"1304"
2014,"1304"
2015,"1640"
2016,"1640"
2017,"1640"
2018,"10822"
2019,"7115"
2020,"10447"
2021,"695"
2022,"695"
2023,"1728"
2024,"1728"
2025,"1728"
2026,"5794"
2027,"287"
2028,"29"
2029,"12567"
2030,"1923"
2031,"12000"
2032,"6497"
2033,"559"
2034,"7931"
2035,"2742"
2036,"1525"
2037,"1525"
2038,"4366"
2039,"5845"
2040,"12656"
2041,"1507"
2042,"1507"
2043,"1507"
2044,"10956"
2045,"113"
2046,"9288"
2047,"9288"
2048,"9288"
2049,"1161"
2050,"169"
2051,"169"
2052,"6283"
2053,"2993"
2054,"11155"
2055,"1263"
2056,"1263"
2057,"2613"
2058,"6386"
2059,"12492"
2060,"10594"
2061,"7072"
2062,"7072"
2063,"7072"
2064,"9572"
2065,"8030"
2066,"10768"
2067,"2989"
2068,"4097"
2069,"2978"
2070,"2978"
2071,"5903"
2072,"1180"
2073,"2311"
2074,"11751"
2075,"11751"
2076,"11751"
2077,"6326"
2078,"6326"
2079,"6326"
2080,"3395"
2081,"3395"
2082,"3395"
2083,"3395"
2084,"3395"
2085,"3395"
2086,"3395"
2087,"5006"
2088,"5006"
2089,"5006"
2090,"10293"
2091,"7270"
2092,"5045"
2093,"5045"
2094,"5793"
2095,"2"
2096,"3911"
2097,"3665"
2098,"3887"
2099,"1444"
2100,"4704"
2101,"9278"
2102,"8344"
2103,"4376"
2104,"1986"
2105,"3543"
2106,"4429"
2107,"6272"
2108,"1096"
2109,"7769"
2110,"1080"
2111,"5037"
2112,"171"
2113,"171"
2114,"3351"
2115,"7607"
2116,"7068"
2117,"2"
2118,"10480"
2119,"10480"
2120,"10480"
2121,"10480"
2122,"10480"
2123,"10480"
2124,"10480"
2125,"10480"
2126,"8120"
2127,"2035"
2128,"6978"
2129,"6978"
2130,"6978"
2131,"9136"
2132,"9136"
2133,"9136"
2134,"11905"
2135,"2"
2136,"2"
2137,"2"
2138,"6229"
2139,"7320"
2140,"7320"
2141,"7320"
2142,"4458"
2143,"8897"
2144,"7667"
2145,"1282"
2146,"1140"
2147,"8530"
2148,"3912"
2149,"3523"
2150,"23"
2151,"1586"
2152,"208"
2153,"208"
2154,"260"
2155,"141"
2156,"1478"
2157,"1478"
2158,"1478"
2159,"1478"
2160,"1478"
2161,"1478"
2162,"9525"
2163,"9525"
2164,"10968"
2165,"753"
2166,"753"
2167,"753"
2168,"405"
2169,"405"
2170,"405"
2171,"405"
2172,"405"
2173,"405"
2174,"405"
2175,"405"
2176,"1547"
2177,"10428"
2178,"7429"
2179,"860"
2180,"860"
2181,"860"
2182,"860"
2183,"860"
2184,"10310"
2185,"9608"
2186,"4397"
2187,"32"
2188,"9569"
2189,"9569"
2190,"9569"
2191,"9569"
2192,"9569"
2193,"11569"
2194,"12384"
2195,"2547"
2196,"1660"
2197,"1660"
2198,"1660"
2199,"13250"
2200,"13250"
2201,"13250"
2202,"10745"
2203,"2561"
2204,"2561"
2205,"1772"
2206,"3588"
2207,"3588"
2208,"725"
2209,"12320"
2210,"1139"
2211,"1526"
2212,"2"
2213,"180"
2214,"1544"
2215,"4162"
2216,"5564"
2217,"8726"
2218,"791"
2219,"2296"
2220,"2296"
2221,"2296"
2222,"270"
2223,"10192"
2224,"7671"
2225,"7671"
2226,"9492"
2227,"759"
2228,"759"
2229,"1640"
2230,"3697"
2231,"3697"
2232,"3697"
2233,"5841"
2234,"5841"
2235,"5841"
2236,"5841"
2237,"286"
2238,"286"
2239,"286"
2240,"11302"
2241,"11302"
2242,"753"
2243,"7826"
2244,"7826"
2245,"10326"
2246,"11418"
2247,"8191"
2248,"278"
2249,"278"
2250,"278"
2251,"2349"
2252,"2288"
2253,"7192"
2254,"7687"
2255,"7307"
2256,"9445"
2257,"4751"
2258,"4751"
2259,"4751"
2260,"1337"
2261,"1337"
2262,"4911"
2263,"388"
2264,"12070"
2265,"12070"
2266,"12070"
2267,"12070"
2268,"12070"
2269,"12070"
2270,"12070"
2271,"12070"
2272,"12070"
2273,"12070"
2274,"3999"
2275,"3999"
2276,"3999"
2277,"4120"
2278,"7545"
2279,"7545"
2280,"9565"
2281,"6835"
2282,"6835"
2283,"6835"
2284,"734"
2285,"734"
2286,"11107"
2287,"11107"
2288,"29"
2289,"29"
2290,"9224"
2291,"900"
2292,"900"
2293,"900"
2294,"900"
2295,"4792"
2296,"1360"
2297,"11177"
2298,"11177"
2299,"1170"
2300,"131"
2301,"7034"
2302,"4486"
2303,"184"
2304,"10088"
2305,"10098"
2306,"7965"
2307,"6821"
2308,"12427"
2309,"11678"
2310,"4322"
2311,"5033"
2312,"5656"
2313,"5656"
2314,"5656"
2315,"6311"
2316,"2502"
2317,"9928"
2318,"8339"
2319,"8339"
2320,"1506"
2321,"1506"
2322,"1506"
2323,"6799"
2324,"6799"
2325,"23"
2326,"23"
2327,"23"
2328,"8614"
2329,"8614"
2330,"8614"
2331,"8614"
2332,"8614"
2333,"8614"
2334,"408"
2335,"408"
2336,"408"
2337,"32"
2338,"2975"
2339,"2975"
2340,"2975"
2341,"8836"
2342,"1363"
2343,"1363"
2344,"1363"
2345,"10469"
2346,"7333"
2347,"7333"
2348,"1902"
2349,"1902"
2350,"1902"
2351,"11113"
2352,"3677"
2353,"4253"
2354,"284"
2355,"6941"
2356,"516"
2357,"10340"
2358,"10340"
2359,"10861"
2360,"9756"
2361,"9756"
2362,"3811"
2363,"1283"
2364,"409"
2365,"9937"
2366,"647"
2367,"647"
2368,"647"
2369,"647"
2370,"2642"
2371,"2642"
2372,"3392"
2373,"7919"
2374,"9206"
2375,"9206"
2376,"9206"
2377,"9206"
2378,"12221"
2379,"1759"
2380,"9971"
2381,"9971"
2382,"1507"
2383,"5705"
2384,"4050"
2385,"7329"
2386,"4548"
2387,"9532"
2388,"10748"
2389,"23"
2390,"23"
2391,"2104"
2392,"2104"
2393,"2104"
2394,"5097"
2395,"8465"
2396,"8465"
2397,"8465"
2398,"8465"
2399,"8465"
2400,"12006"
2401,"9497"
2402,"376"
2403,"376"
2404,"5363"
2405,"5363"
2406,"5363"
2407,"5363"
2408,"5363"
2409,"5363"
2410,"6865"
2411,"9607"
2412,"9607"
2413,"9607"
2414,"5133"
2415,"5133"
2416,"5133"
2417,"5133"
2418,"105"
2419,"6318"
2420,"835"
2421,"1577"
2422,"8582"
2423,"8582"
2424,"8582"
2425,"8677"
2426,"7696"
2427,"7696"
2428,"7677"
2429,"7677"
2430,"7677"
2431,"7522"
2432,"2113"
2433,"2113"
2434,"2113"
2435,"2113"
2436,"4003"
2437,"85"
2438,"85"
2439,"12808"
2440,"12808"
2441,"2022"
2442,"6444"
2443,"6444"
2444,"903"
2445,"460"
2446,"2800"
2447,"9431"
2448,"9431"
2449,"8848"
2450,"3552"
2451,"666"
2452,"2850"
2453,"2850"
2454,"1473"
2455,"32"
2456,"10024"
2457,"10024"
2458,"876"
2459,"876"
2460,"5600"
2461,"1505"
2462,"376"
2463,"6678"
2464,"6471"
2465,"8459"
2466,"1177"
2467,"6738"
2468,"10669"
2469,"3627"
2470,"3627"
2471,"3627"
2472,"184"
2473,"184"
2474,"1993"
2475,"8466"
2476,"4325"
2477,"12217"
2478,"5942"
2479,"11124"
2480,"11124"
2481,"4007"
2482,"278"
2483,"6798"
2484,"1393"
2485,"4954"
2486,"32"
2487,"6602"
2488,"9568"
2489,"9568"
2490,"9568"
2491,"87"
2492,"1143"
2493,"1143"
2494,"1143"
2495,"2495"
2496,"3475"
2497,"12521"
2498,"2904"
2499,"2904"
2500,"2904"
2501,"2904"
2502,"2904"
2503,"2904"
2504,"10257"
2505,"10257"
2506,"9609"
2507,"9609"
2508,"11111"
2509,"11111"
2510,"11111"
2511,"11111"
2512,"5949"
2513,"5949"
2514,"5949"
2515,"5949"
2516,"9204"
2517,"2368"
2518,"1478"
2519,"2482"
2520,"11398"
2521,"15"
2522,"10133"
2523,"2480"
2524,"2480"
2525,"10964"
2526,"10964"
2527,"10964"
2528,"10964"
2529,"10567"
2530,"10567"
2531,"4779"
2532,"2448"
2533,"2448"
2534,"4754"
2535,"4754"
2536,"4754"
2537,"4754"
2538,"4754"
2539,"1688"
2540,"1688"
2541,"1688"
2542,"1563"
2543,"901"
2544,"7490"
2545,"7490"
2546,"7490"
2547,"7490"
2548,"7490"
2549,"7490"
2550,"7490"
2551,"7490"
2552,"7490"
2553,"7490"
2554,"7490"
2555,"1911"
2556,"12385"
2557,"4708"
2558,"12643"
2559,"4840"
2560,"208"
2561,"1113"
2562,"6563"
2563,"926"
2564,"926"
2565,"926"
2566,"926"
2567,"926"
2568,"926"
2569,"926"
2570,"4607"
2571,"7739"
2572,"7075"
2573,"7075"
2574,"7075"
2575,"3800"
2576,"928"
2577,"1374"
2578,"1562"
2579,"835"
2580,"4140"
2581,"10421"
2582,"10421"
2583,"10421"
2584,"10421"
2585,"640"
2586,"7888"
2587,"630"
2588,"3412"
2589,"1922"
2590,"3064"
2591,"9479"
2592,"9479"
2593,"9479"
2594,"4954"
2595,"4373"
2596,"4373"
2597,"4373"
2598,"4373"
2599,"4373"
2600,"4373"
2601,"4373"
2602,"4373"
2603,"4373"
2604,"4373"
2605,"1655"
2606,"9257"
2607,"9257"
2608,"9257"
2609,"9257"
2610,"9509"
2611,"3294"
2612,"567"
2613,"567"
2614,"567"
2615,"6203"
2616,"6203"
2617,"6203"
2618,"6203"
2619,"6203"
2620,"6203"
2621,"6203"
2622,"1540"
2623,"4922"
2624,"4922"
2625,"2677"
2626,"2677"
2627,"2677"
2628,"2044"
2629,"2044"
2630,"2044"
2631,"4"
2632,"8292"
2633,"8292"
2634,"8292"
2635,"1201"
2636,"3311"
2637,"32"
2638,"1428"
2639,"494"
2640,"494"
2641,"794"
2642,"794"
2643,"1985"
2644,"761"
2645,"1673"
2646,"3887"
2647,"3887"
2648,"4085"
2649,"1393"
2650,"12214"
2651,"12254"
2652,"1640"
2653,"1640"
2654,"5245"
2655,"11165"
2656,"1520"
2657,"1520"
2658,"9854"
2659,"5144"
2660,"10207"
2661,"10207"
2662,"1939"
2663,"11944"
2664,"32"
2665,"2490"
2666,"4272"
2667,"12221"
2668,"7630"
2669,"7630"
2670,"7630"
2671,"4291"
2672,"48"
2673,"59"
2674,"7754"
2675,"7754"
2676,"11068"
2677,"5185"
2678,"641"
2679,"9329"
2680,"6372"
2681,"6372"
2682,"6372"
2683,"809"
2684,"9109"
2685,"11216"
2686,"421"
2687,"152"
2688,"152"
2689,"152"
2690,"152"
2691,"152"
2692,"1045"
2693,"1045"
2694,"39"
2695,"39"
2696,"39"
2697,"376"
2698,"376"
2699,"861"
2700,"861"
2701,"861"
2702,"3434"
2703,"2310"
2704,"253"
2705,"8027"
2706,"11070"
2707,"11070"
2708,"4387"
2709,"12265"
2710,"4025"
2711,"11169"
2712,"4"
2713,"8641"
2714,"3184"
2715,"11116"
2716,"12061"
2717,"12061"
2718,"12061"
2719,"464"
2720,"464"
2721,"3186"
2722,"8467"
2723,"8467"
2724,"8467"
2725,"7893"
2726,"3037"
2727,"2103"
2728,"2103"
2729,"1507"
2730,"32"
2731,"32"
2732,"2481"
2733,"972"
2734,"3601"
2735,"4262"
2736,"3059"
2737,"3059"
2738,"3059"
2739,"403"
2740,"403"
2741,"8405"
2742,"791"
2743,"5116"
2744,"9611"
2745,"9611"
2746,"1556"
2747,"10496"
2748,"10496"
2749,"10496"
2750,"10496"
2751,"10496"
2752,"7075"
2753,"1465"
2754,"1638"
2755,"10417"
2756,"6693"
2757,"7887"
2758,"5146"
2759,"5146"
2760,"5146"
2761,"7178"
2762,"713"
2763,"713"
2764,"665"
2765,"665"
2766,"665"
2767,"665"
2768,"1119"
2769,"9933"
2770,"9933"
2771,"2418"
2772,"32"
2773,"6888"
2774,"295"
2775,"295"
2776,"8037"
2777,"8073"
2778,"8003"
2779,"639"
2780,"13"
2781,"13532"
2782,"4269"
2783,"376"
2784,"8366"
2785,"791"
2786,"791"
2787,"791"
2788,"8318"
2789,"1503"
2790,"7941"
2791,"4"
2792,"559"
2793,"1760"
2794,"10239"
2795,"2277"
2796,"8923"
2797,"7893"
2798,"7893"
2799,"7893"
2800,"12334"
2801,"2124"
2802,"67"
2803,"10443"
2804,"5741"
2805,"5741"
2806,"198"
2807,"198"
2808,"198"
2809,"4714"
2810,"6804"
2811,"4984"
2812,"4984"
2813,"4984"
2814,"4984"
2815,"10302"
2816,"10302"
2817,"10302"
2818,"10302"
2819,"3185"
2820,"3121"
2821,"4681"
2822,"11161"
2823,"11569"
2824,"11569"
2825,"5900"
2826,"996"
2827,"11356"
2828,"3163"
2829,"11643"
2830,"11643"
2831,"11643"
2832,"8217"
2833,"8217"
2834,"208"
2835,"2457"
2836,"2457"
2837,"1689"
2838,"5926"
2839,"8178"
2840,"4602"
2841,"7234"
2842,"323"
2843,"6986"
2844,"6285"
2845,"8072"
2846,"1304"
2847,"1304"
2848,"1304"
2849,"1304"
2850,"1304"
2851,"1304"
2852,"8892"
2853,"8892"
2854,"264"
2855,"4786"
2856,"6695"
2857,"23"
2858,"23"
2859,"11161"
2860,"11161"
2861,"56"
2862,"11328"
2863,"11328"
2864,"11328"
2865,"9574"
2866,"9574"
2867,"32"
2868,"1495"
2869,"7724"
2870,"863"
2871,"863"
2872,"863"
2873,"863"
2874,"863"
2875,"6847"
2876,"11121"
2877,"1359"
2878,"1359"
2879,"1359"
2880,"1359"
2881,"753"
2882,"753"
2883,"3066"
2884,"9362"
2885,"7186"
2886,"11066"
2887,"11066"
2888,"9806"
2889,"1731"
2890,"2044"
2891,"8656"
2892,"668"
2893,"668"
2894,"668"
2895,"7806"
2896,"7806"
2897,"841"
2898,"7065"
2899,"2558"
2900,"2558"
2901,"2558"
2902,"2558"
2903,"2558"
2904,"2558"
2905,"7767"
2906,"8134"
2907,"2155"
2908,"2155"
2909,"2155"
2910,"2155"
2911,"2155"
2912,"702"
2913,"5341"
2914,"8768"
2915,"2449"
2916,"7383"
2917,"2416"
2918,"2416"
2919,"8519"
2920,"1018"
2921,"1018"
2922,"3600"
2923,"915"
2924,"9433"
2925,"9433"
2926,"1507"
2927,"1507"
2928,"1507"
2929,"23"
2930,"1681"
2931,"9812"
2932,"11579"
2933,"1913"
2934,"2204"
2935,"2204"
2936,"2204"
2937,"9099"
2938,"85"
2939,"85"
2940,"376"
2941,"7373"
2942,"5110"
2943,"3103"
2944,"5900"
2945,"5900"
2946,"5900"
2947,"5900"
2948,"149"
2949,"8333"
2950,"295"
2951,"10179"
2952,"112"
2953,"3286"
2954,"3286"
2955,"3286"
2956,"3286"
2957,"8317"
2958,"3420"
2959,"3420"
2960,"900"
2961,"900"
2962,"900"
2963,"3260"
2964,"3260"
2965,"3260"
2966,"3260"
2967,"5510"
2968,"6246"
2969,"1295"
2970,"1295"
2971,"1295"
2972,"2355"
2973,"2355"
2974,"8568"
2975,"1095"
2976,"1095"
2977,"4422"
2978,"75"
2979,"75"
2980,"75"
2981,"75"
2982,"75"
2983,"642"
2984,"1849"
2985,"336"
2986,"2245"
2987,"5393"
2988,"5393"
2989,"5393"
2990,"1774"
2991,"4206"
2992,"816"
2993,"376"
2994,"2407"
2995,"12324"
2996,"12324"
2997,"12324"
2998,"6629"
2999,"6629"
3000,"8661"
3001,"8661"
3002,"8661"
3003,"4881"
3004,"3596"
3005,"7560"
3006,"961"
3007,"961"
3008,"3667"
3009,"987"
3010,"987"
3011,"1445"
3012,"1963"
3013,"6110"
3014,"5701"
3015,"5701"
3016,"487"
3017,"5938"
3018,"2541"
3019,"8233"
3020,"8233"
3021,"12814"
3022,"12814"
3023,"12814"
3024,"20"
3025,"8315"
3026,"2565"
3027,"3772"
3028,"3772"
3029,"806"
3030,"8859"
3031,"5392"
3032,"4857"
3033,"8058"
3034,"3368"
3035,"3368"
3036,"3368"
3037,"3368"
3038,"3368"
3039,"3368"
3040,"3368"
3041,"3368"
3042,"1228"
3043,"1228"
3044,"12486"
3045,"2683"
3046,"2683"
3047,"2683"
3048,"7280"
3049,"3946"
3050,"3946"
3051,"3946"
3052,"15"
3053,"15"
3054,"3948"
3055,"225"
3056,"841"
3057,"2217"
3058,"388"
3059,"11118"
3060,"9567"
3061,"12664"
3062,"4334"
3063,"4334"
3064,"4334"
3065,"2058"
3066,"10873"
3067,"10873"
3068,"10548"
3069,"23"
3070,"23"
3071,"5063"
3072,"791"
3073,"3575"
3074,"4746"
3075,"3179"
3076,"234"
3077,"7841"
3078,"7841"
3079,"8389"
3080,"8389"
3081,"8389"
3082,"8389"
3083,"8389"
3084,"7191"
3085,"10691"
3086,"10691"
3087,"10691"
3088,"1622"
3089,"3450"
3090,"1162"
3091,"7860"
3092,"7617"
3093,"7306"
3094,"1131"
3095,"11753"
3096,"11393"
3097,"8025"
3098,"8025"
3099,"7"
3100,"7"
3101,"7513"
3102,"3516"
3103,"300"
3104,"11038"
3105,"5769"
3106,"4"
3107,"4"
3108,"4"
3109,"979"
3110,"979"
3111,"4315"
3112,"4315"
3113,"4315"
3114,"12129"
3115,"1588"
3116,"2"
3117,"8180"
3118,"7288"
3119,"7288"
3120,"225"
3121,"225"
3122,"7552"
3123,"1519"
3124,"12062"
3125,"2185"
3126,"3497"
3127,"11540"
3128,"10490"
3129,"559"
3130,"4825"
3131,"1523"
3132,"12378"
3133,"3417"
3134,"3417"
3135,"3417"
3136,"1378"
3137,"11594"
3138,"8676"
3139,"8676"
3140,"6349"
3141,"6349"
3142,"6349"
3143,"8363"
3144,"1424"
3145,"65"
3146,"65"
3147,"12441"
3148,"10767"
3149,"10767"
3150,"10767"
3151,"7997"
3152,"7997"
3153,"7997"
3154,"7997"
3155,"7997"
3156,"7997"
3157,"1735"
3158,"3424"
3159,"10343"
3160,"10343"
3161,"10343"
3162,"4071"
3163,"4071"
3164,"7606"
3165,"7606"
3166,"8578"
3167,"8578"
3168,"8578"
3169,"29"
3170,"2258"
3171,"3881"
3172,"12153"
3173,"2453"
3174,"2453"
3175,"1891"
3176,"7023"
3177,"7023"
3178,"5139"
3179,"9250"
3180,"4406"
3181,"4406"
3182,"4406"
3183,"796"
3184,"6082"
3185,"4381"
3186,"289"
3187,"8681"
3188,"12657"
3189,"4798"
3190,"6494"
3191,"694"
3192,"5932"
3193,"3552"
3194,"2058"
3195,"2058"
3196,"3589"
3197,"3589"
3198,"1387"
3199,"11707"
3200,"502"
3201,"9478"
3202,"3741"
3203,"9078"
3204,"9078"
3205,"9078"
3206,"1446"
3207,"1446"
3208,"1446"
3209,"4600"
3210,"753"
3211,"11049"
3212,"2548"
3213,"1697"
3214,"1697"
3215,"1697"
3216,"1697"
3217,"1697"
3218,"1697"
3219,"1697"
3220,"1697"
3221,"409"
3222,"3343"
3223,"3071"
3224,"667"
3225,"6841"
3226,"7538"
3227,"166"
3228,"1690"
3229,"512"
3230,"3453"
3231,"3232"
3232,"3232"
3233,"10653"
3234,"10520"
3235,"7678"
3236,"1303"
3237,"1303"
3238,"1303"
3239,"1303"
3240,"1303"
3241,"1303"
3242,"20"
3243,"2290"
3244,"2290"
3245,"577"
3246,"577"
3247,"2357"
3248,"2357"
3249,"2357"
3250,"9839"
3251,"4922"
3252,"1472"
3253,"4485"
3254,"3817"
3255,"3817"
3256,"388"
3257,"388"
3258,"180"
3259,"180"
3260,"2597"
3261,"2597"
3262,"2597"
3263,"2597"
3264,"56"
3265,"56"
3266,"2652"
3267,"98"
3268,"98"
3269,"556"
3270,"8587"
3271,"2575"
3272,"9330"
3273,"9330"
3274,"9330"
3275,"9330"
3276,"65"
3277,"7633"
3278,"5396"
3279,"5480"
3280,"558"
3281,"558"
3282,"558"
3283,"1450"
3284,"7014"
3285,"4533"
3286,"2367"
3287,"32"
3288,"4493"
3289,"4493"
3290,"6467"
3291,"5779"
3292,"5779"
3293,"4533"
3294,"9804"
3295,"9804"
3296,"9804"
3297,"9804"
3298,"9804"
3299,"271"
3300,"8010"
3301,"197"
3302,"529"
3303,"529"
3304,"71"
3305,"71"
3306,"71"
3307,"11283"
3308,"11283"
3309,"11283"
3310,"11283"
3311,"4506"
3312,"5406"
3313,"11228"
3314,"1333"
3315,"4451"
3316,"10764"
3317,"11"
3318,"3171"
3319,"3171"
3320,"3171"
3321,"3171"
3322,"9782"
3323,"3817"
3324,"3817"
3325,"3817"
3326,"3817"
3327,"3817"
3328,"3817"
3329,"3817"
3330,"3817"
3331,"8583"
3332,"8583"
3333,"8583"
3334,"10320"
3335,"969"
3336,"969"
3337,"969"
3338,"5528"
3339,"7754"
3340,"7754"
3341,"7754"
3342,"1430"
3343,"8143"
3344,"1645"
3345,"7386"
3346,"7386"
3347,"7386"
3348,"7386"
3349,"7386"
3350,"7386"
3351,"2593"
3352,"6587"
3353,"2532"
3354,"2532"
3355,"2532"
3356,"11389"
3357,"5749"
3358,"6843"
3359,"80"
3360,"131"
3361,"11573"
3362,"5107"
3363,"9290"
3364,"9290"
3365,"9851"
3366,"10467"
3367,"5975"
3368,"5275"
3369,"4399"
3370,"8070"
3371,"1685"
3372,"1685"
3373,"1685"
3374,"259"
3375,"259"
3376,"259"
3377,"3006"
3378,"7516"
3379,"56"
3380,"6510"
3381,"6510"
3382,"2358"
3383,"885"
3384,"885"
3385,"885"
3386,"2438"
3387,"7642"
3388,"218"
3389,"1085"
3390,"2454"
3391,"782"
3392,"64"
3393,"119"
3394,"473"
3395,"3695"
3396,"9553"
3397,"10495"
3398,"3172"
3399,"3172"
3400,"1356"
3401,"8515"
3402,"3792"
3403,"12552"
3404,"1356"
3405,"910"
3406,"910"
3407,"9076"
3408,"9201"
3409,"9201"
3410,"5092"
3411,"5092"
3412,"362"
3413,"362"
3414,"362"
3415,"362"
3416,"362"
3417,"362"
3418,"362"
3419,"362"
3420,"7853"
3421,"7853"
3422,"7853"
3423,"7766"
3424,"7766"
3425,"7969"
3426,"6367"
3427,"6367"
3428,"6367"
3429,"832"
3430,"832"
3431,"65"
3432,"65"
3433,"11542"
3434,"23"
3435,"23"
3436,"23"
3437,"10073"
3438,"10073"
3439,"5263"
3440,"5263"
3441,"5263"
3442,"420"
3443,"2086"
3444,"4706"
3445,"2251"
3446,"3103"
3447,"10247"
3448,"12300"
3449,"10240"
3450,"5649"
3451,"351"
3452,"4779"
3453,"8529"
3454,"56"
3455,"6050"
3456,"5399"
3457,"2099"
3458,"2956"
3459,"8228"
3460,"8004"
3461,"1522"
3462,"10692"
3463,"2480"
3464,"5709"
3465,"5709"
3466,"6853"
3467,"166"
3468,"1529"
3469,"1529"
3470,"376"
3471,"406"
3472,"6474"
3473,"2509"
3474,"670"
3475,"983"
3476,"1633"
3477,"9001"
3478,"11513"
3479,"6484"
3480,"6484"
3481,"5563"
3482,"5096"
3483,"6693"
3484,"80"
3485,"2101"
3486,"2101"
3487,"2101"
3488,"5243"
3489,"11185"
3490,"3498"
3491,"5267"
3492,"5267"
3493,"5267"
3494,"9662"
3495,"7656"
3496,"421"
3497,"10502"
3498,"10502"
3499,"10502"
3500,"376"
3501,"376"
3502,"5495"
3503,"5495"
3504,"5495"
3505,"240"
3506,"3524"
3507,"3524"
3508,"6590"
3509,"5129"
3510,"1465"
3511,"1465"
3512,"1465"
3513,"1465"
3514,"1335"
3515,"1335"
3516,"1335"
3517,"10300"
3518,"10300"
3519,"10300"
3520,"1137"
3521,"10508"
3522,"10909"
3523,"6549"
3524,"6549"
3525,"6549"
3526,"6549"
3527,"6549"
3528,"570"
3529,"4964"
3530,"11032"
3531,"3937"
3532,"5123"
3533,"5123"
3534,"5123"
3535,"5123"
3536,"1392"
3537,"11455"
3538,"10772"
3539,"10437"
3540,"4373"
3541,"9335"
3542,"208"
3543,"208"
3544,"208"
3545,"7096"
3546,"87"
3547,"87"
3548,"10334"
3549,"7770"
3550,"9613"
3551,"9613"
3552,"9613"
3553,"9613"
3554,"9613"
3555,"9613"
3556,"5333"
3557,"5073"
3558,"4364"
3559,"5817"
3560,"5817"
3561,"3300"
3562,"8213"
3563,"4211"
3564,"4211"
3565,"4211"
3566,"4211"
3567,"4211"
3568,"4211"
3569,"4211"
3570,"168"
3571,"168"
3572,"858"
3573,"11877"
3574,"11929"
3575,"8682"
3576,"3292"
3577,"104"
3578,"104"
3579,"166"
3580,"1762"
3581,"10893"
3582,"2"
3583,"9859"
3584,"11232"
3585,"11232"
3586,"630"
3587,"630"
3588,"67"
3589,"2552"
3590,"8877"
3591,"7066"
3592,"7066"
3593,"3928"
3594,"3928"
3595,"3928"
3596,"3928"
3597,"3928"
3598,"62"
3599,"819"
3600,"3919"
3601,"6797"
3602,"6797"
3603,"6890"
3604,"6890"
3605,"6890"
3606,"6890"
3607,"6890"
3608,"4065"
3609,"277"
3610,"277"
3611,"277"
3612,"277"
3613,"87"
3614,"10694"
3615,"10694"
3616,"10694"
3617,"1491"
3618,"1491"
3619,"4861"
3620,"166"
3621,"10672"
3622,"2215"
3623,"6202"
3624,"2445"
3625,"420"
3626,"4314"
3627,"1155"
3628,"1155"
3629,"1155"
3630,"1155"
3631,"1155"
3632,"1795"
3633,"7711"
3634,"7711"
3635,"7711"
3636,"7711"
3637,"10277"
3638,"10277"
3639,"10277"
3640,"10277"
3641,"12459"
3642,"144"
3643,"9423"
3644,"11055"
3645,"3699"
3646,"3699"
3647,"3699"
3648,"3699"
3649,"3699"
3650,"9850"
3651,"3962"
3652,"10406"
3653,"9477"
3654,"351"
3655,"3789"
3656,"5983"
3657,"9216"
3658,"11394"
3659,"147"
3660,"2993"
3661,"4285"
3662,"8790"
3663,"10000"
3664,"10000"
3665,"4562"
3666,"782"
3667,"12563"
3668,"12563"
3669,"12563"
3670,"6617"
3671,"3799"
3672,"8273"
3673,"8273"
3674,"7700"
3675,"71"
3676,"1899"
3677,"487"
3678,"8896"
3679,"8383"
3680,"4079"
3681,"4079"
3682,"4079"
3683,"5042"
3684,"5042"
3685,"5042"
3686,"9100"
3687,"3475"
3688,"3475"
3689,"661"
3690,"10967"
3691,"10080"
3692,"6184"
3693,"9436"
3694,"4564"
3695,"1256"
3696,"8879"
3697,"6509"
3698,"798"
3699,"6343"
3700,"6343"
3701,"6343"
3702,"4808"
3703,"5332"
3704,"4237"
3705,"10943"
3706,"1139"
3707,"376"
3708,"4882"
3709,"6637"
3710,"6637"
3711,"6637"
3712,"6637"
3713,"11623"
3714,"25"
3715,"25"
3716,"25"
3717,"25"
3718,"3482"
3719,"3482"
3720,"3482"
3721,"3482"
3722,"3482"
3723,"3482"
3724,"3482"
3725,"3482"
3726,"8657"
3727,"2163"
3728,"1304"
3729,"3850"
3730,"3850"
3731,"11623"
3732,"11623"
3733,"758"
3734,"523"
3735,"523"
3736,"3237"
3737,"5990"
3738,"7360"
3739,"388"
3740,"5468"
3741,"764"
3742,"9418"
3743,"9418"
3744,"3162"
3745,"2816"
3746,"438"
3747,"438"
3748,"11390"
3749,"10623"
3750,"376"
3751,"376"
3752,"376"
3753,"1991"
3754,"681"
3755,"681"
3756,"4818"
3757,"1552"
3758,"1552"
3759,"1552"
3760,"4589"
3761,"967"
3762,"29"
3763,"6641"
3764,"5303"
3765,"3694"
3766,"5422"
3767,"9399"
3768,"9399"
3769,"832"
3770,"421"
3771,"228"
3772,"10377"
3773,"10377"
3774,"3303"
3775,"2650"
3776,"351"
3777,"11704"
3778,"11704"
3779,"11704"
3780,"11704"
3781,"5035"
3782,"5035"
3783,"120"
3784,"374"
3785,"7768"
3786,"1922"
3787,"4017"
3788,"4911"
3789,"4911"
3790,"11399"
3791,"11399"
3792,"1494"
3793,"12696"
3794,"10688"
3795,"245"
3796,"2680"
3797,"2680"
3798,"2680"
3799,"2680"
3800,"1507"
3801,"7414"
3802,"13071"
3803,"7840"
3804,"4863"
3805,"4863"
3806,"7045"
3807,"4708"
3808,"15"
3809,"15"
3810,"1724"
3811,"1622"
3812,"7914"
3813,"7914"
3814,"7914"
3815,"7914"
3816,"7914"
3817,"9054"
3818,"9054"
3819,"9054"
3820,"10007"
3821,"10007"
3822,"8314"
3823,"3169"
3824,"9416"
3825,"4123"
3826,"4877"
3827,"4877"
3828,"1458"
3829,"63"
3830,"278"
3831,"278"
3832,"1681"
3833,"3178"
3834,"6439"
3835,"11226"
3836,"9757"
3837,"860"
3838,"71"
3839,"6255"
3840,"10604"
3841,"32"
3842,"32"
3843,"634"
3844,"634"
3845,"2472"
3846,"7659"
3847,"2311"
3848,"32"
3849,"9354"
3850,"9354"
3851,"9354"
3852,"9354"
3853,"9354"
3854,"9354"
3855,"9354"
3856,"9354"
3857,"9354"
3858,"8065"
3859,"8065"
3860,"8065"
3861,"951"
3862,"1698"
3863,"7268"
3864,"7268"
3865,"7268"
3866,"7268"
3867,"7268"
3868,"1263"
3869,"4851"
3870,"100"
3871,"11694"
3872,"8438"
3873,"2572"
3874,"669"
3875,"669"
3876,"10909"
3877,"5264"
3878,"561"
3879,"11533"
3880,"3147"
3881,"2709"
3882,"5473"
3883,"2104"
3884,"2104"
3885,"2104"
3886,"10001"
3887,"4455"
3888,"5991"
3889,"11258"
3890,"4473"
3891,"4473"
3892,"4473"
3893,"98"
3894,"458"
3895,"4518"
3896,"4518"
3897,"4825"
3898,"438"
3899,"7746"
3900,"2160"
3901,"2174"
3902,"9747"
3903,"2038"
3904,"10681"
3905,"1140"
3906,"3685"
3907,"12293"
3908,"4114"
3909,"665"
3910,"4788"
3911,"1102"
3912,"10641"
3913,"6223"
3914,"13474"
3915,"7533"
3916,"5527"
3917,"8005"
3918,"8005"
3919,"8005"
3920,"8005"
3921,"8005"
3922,"237"
3923,"237"
3924,"4600"
3925,"4600"
3926,"45"
3927,"5027"
3928,"6943"
3929,"6943"
3930,"6943"
3931,"1398"
3932,"1398"
3933,"1398"
3934,"5685"
3935,"2741"
3936,"1860"
3937,"1860"
3938,"6684"
3939,"23"
3940,"11705"
3941,"1100"
3942,"1100"
3943,"1048"
3944,"3174"
3945,"12469"
3946,"12469"
3947,"12469"
3948,"12469"
3949,"12469"
3950,"12469"
3951,"12469"
3952,"2679"
3953,"2679"
3954,"2679"
3955,"3934"
3956,"2720"
3957,"791"
3958,"12154"
3959,"8561"
3960,"8561"
3961,"576"
3962,"1734"
3963,"7747"
3964,"285"
3965,"2273"
3966,"10451"
3967,"113"
3968,"113"
3969,"388"
3970,"388"
3971,"388"
3972,"6209"
3973,"9164"
3974,"9164"
3975,"9164"
3976,"9526"
3977,"8350"
3978,"1531"
3979,"1531"
3980,"4534"
3981,"140"
3982,"900"
3983,"900"
3984,"900"
3985,"900"
3986,"900"
3987,"12186"
3988,"5714"
3989,"9197"
3990,"8538"
3991,"8538"
3992,"5016"
3993,"1482"
3994,"2323"
3995,"1530"
3996,"1530"
3997,"11225"
3998,"113"
3999,"606"
4000,"888"
4001,"888"
4002,"1191"
4003,"7846"
4004,"7846"
4005,"5428"
4006,"9583"
4007,"12373"
4008,"12373"
4009,"855"
4010,"75"
4011,"1698"
4012,"12506"
4013,"2921"
4014,"23"
4015,"23"
4016,"3618"
4017,"11714"
4018,"4965"
4019,"4965"
4020,"987"
4021,"12138"
4022,"29"
4023,"29"
4024,"378"
4025,"378"
4026,"5109"
4027,"5109"
4028,"5109"
4029,"8113"
4030,"9333"
4031,"2689"
4032,"2689"
4033,"2689"
4034,"1765"
4035,"464"
4036,"1644"
4037,"131"
4038,"520"
4039,"2327"
4040,"8227"
4041,"8470"
4042,"8470"
4043,"1055"
4044,"12180"
4045,"12180"
4046,"8300"
4047,"1413"
4048,"4399"
4049,"4399"
4050,"7006"
4051,"199"
4052,"8230"
4053,"8307"
4054,"149"
4055,"7303"
4056,"7303"
4057,"9727"
4058,"10755"
4059,"10755"
4060,"12090"
4061,"8075"
4062,"10015"
4063,"252"
4064,"5109"
4065,"5109"
4066,"11512"
4067,"8468"
4068,"2715"
4069,"11279"
4070,"11279"
4071,"11279"
4072,"11279"
4073,"11279"
4074,"2"
4075,"135"
4076,"977"
4077,"977"
4078,"11926"
4079,"3851"
4080,"9299"
4081,"12101"
4082,"12101"
4083,"12101"
4084,"12101"
4085,"5097"
4086,"9969"
4087,"11054"
4088,"3433"
4089,"1143"
4090,"4243"
4091,"4243"
4092,"4243"
4093,"4243"
4094,"4243"
4095,"6101"
4096,"10880"
4097,"10880"
4098,"10880"
4099,"2606"
4100,"628"
4101,"10880"
4102,"2"
4103,"29"
4104,"3507"
4105,"3507"
4106,"351"
4107,"5928"
4108,"4677"
4109,"2659"
4110,"808"
4111,"838"
4112,"838"
4113,"838"
4114,"3929"
4115,"3929"
4116,"3929"
4117,"3929"
4118,"8212"
4119,"3117"
4120,"7051"
4121,"7051"
4122,"11296"
4123,"1646"
4124,"6557"
4125,"8362"
4126,"8362"
4127,"9225"
4128,"5948"
4129,"7132"
4130,"11972"
4131,"6114"
4132,"9334"
4133,"225"
4134,"225"
4135,"225"
4136,"689"
4137,"6433"
4138,"6433"
4139,"6433"
4140,"6433"
4141,"6433"
4142,"6433"
4143,"6433"
4144,"3664"
4145,"166"
4146,"185"
4147,"185"
4148,"2657"
4149,"166"
4150,"166"
4151,"2"
4152,"2"
4153,"2"
4154,"2"
4155,"2"
4156,"11127"
4157,"2480"
4158,"4517"
4159,"4517"
4160,"7235"
4161,"7235"
4162,"7235"
4163,"1082"
4164,"914"
4165,"56"
4166,"56"
4167,"56"
4168,"3290"
4169,"2138"
4170,"131"
4171,"131"
4172,"900"
4173,"900"
4174,"900"
4175,"11417"
4176,"2785"
4177,"2785"
4178,"2785"
4179,"12429"
4180,"9821"
4181,"9821"
4182,"9821"
4183,"9821"
4184,"9821"
4185,"723"
4186,"526"
4187,"639"
4188,"4533"
4189,"2449"
4190,"1937"
4191,"1937"
4192,"1937"
4193,"1937"
4194,"1937"
4195,"93"
4196,"10165"
4197,"10165"
4198,"10165"
4199,"10165"
4200,"2517"
4201,"5355"
4202,"5980"
4203,"1395"
4204,"11424"
4205,"4375"
4206,"11671"
4207,"4861"
4208,"11970"
4209,"29"
4210,"3701"
4211,"6872"
4212,"764"
4213,"764"
4214,"8343"
4215,"1427"
4216,"1427"
4217,"1427"
4218,"577"
4219,"9482"
4220,"8090"
4221,"8090"
4222,"8776"
4223,"2114"
4224,"2114"
4225,"2114"
4226,"2114"
4227,"2114"
4228,"2114"
4229,"6131"
4230,"9209"
4231,"23"
4232,"23"
4233,"7463"
4234,"7282"
4235,"7928"
4236,"6455"
4237,"2578"
4238,"2578"
4239,"2578"
4240,"2578"
4241,"23"
4242,"9241"
4243,"7331"
4244,"7331"
4245,"7331"
4246,"7331"
4247,"7331"
4248,"7331"
4249,"963"
4250,"963"
4251,"29"
4252,"11352"
4253,"11352"
4254,"11352"
4255,"4275"
4256,"11549"
4257,"11549"
4258,"11549"
4259,"11549"
4260,"11549"
4261,"11549"
4262,"2"
4263,"2310"
4264,"2508"
4265,"3814"
4266,"3814"
4267,"3814"
4268,"286"
4269,"10762"
4270,"10762"
4271,"2684"
4272,"5308"
4273,"9342"
4274,"4750"
4275,"12472"
4276,"3231"
4277,"6015"
4278,"7754"
4279,"29"
4280,"225"
4281,"225"
4282,"10700"
4283,"1651"
4284,"1173"
4285,"2369"
4286,"5070"
4287,"1756"
4288,"360"
4289,"10492"
4290,"2057"
4291,"2057"
4292,"2057"
4293,"2057"
4294,"2057"
4295,"2057"
4296,"801"
4297,"801"
4298,"10327"
4299,"5270"
4300,"8941"
4301,"200"
4302,"573"
4303,"10868"
4304,"10868"
4305,"8121"
4306,"87"
4307,"11999"
4308,"7019"
4309,"7019"
4310,"10770"
4311,"10770"
4312,"10770"
4313,"2715"
4314,"2715"
4315,"2715"
4316,"1395"
4317,"428"
4318,"7293"
4319,"4463"
4320,"2105"
4321,"1065"
4322,"1065"
4323,"1728"
4324,"7400"
4325,"7400"
4326,"1930"
4327,"1076"
4328,"2"
4329,"3782"
4330,"914"
4331,"914"
4332,"12596"
4333,"12596"
4334,"630"
4335,"2677"
4336,"1119"
4337,"31"
4338,"2557"
4339,"4799"
4340,"4799"
4341,"3633"
4342,"3633"
4343,"11271"
4344,"11271"
4345,"11271"
4346,"11271"
4347,"11271"
4348,"11271"
4349,"2061"
4350,"6493"
4351,"10800"
4352,"10800"
4353,"10800"
4354,"10800"
4355,"5883"
4356,"5883"
4357,"3852"
4358,"284"
4359,"11791"
4360,"11791"
4361,"11791"
4362,"11791"
4363,"403"
4364,"403"
4365,"1253"
4366,"8269"
4367,"5118"
4368,"4305"
4369,"994"
4370,"994"
4371,"3427"
4372,"6278"
4373,"3140"
4374,"9340"
4375,"5844"
4376,"3946"
4377,"3946"
4378,"3946"
4379,"7592"
4380,"1758"
4381,"3621"
4382,"75"
4383,"75"
4384,"12189"
4385,"503"
4386,"1632"
4387,"560"
4388,"560"
4389,"6009"
4390,"300"
4391,"1168"
4392,"23"
4393,"4093"
4394,"4547"
4395,"2128"
4396,"2128"
4397,"5446"
4398,"15"
4399,"15"
4400,"1507"
4401,"3386"
4402,"534"
4403,"1463"
4404,"2035"
4405,"6871"
4406,"7203"
4407,"11146"
4408,"11146"
4409,"2875"
4410,"9454"
4411,"2616"
4412,"7743"
4413,"65"
4414,"9563"
4415,"7382"
4416,"7382"
4417,"9824"
4418,"2206"
4419,"2206"
4420,"2206"
4421,"32"
4422,"7292"
4423,"11079"
4424,"4122"
4425,"1086"
4426,"391"
4427,"4956"
4428,"4956"
4429,"4956"
4430,"7747"
4431,"7747"
4432,"1522"
4433,"1522"
4434,"1522"
4435,"1740"
4436,"1740"
4437,"1463"
4438,"647"
4439,"914"
4440,"861"
4441,"861"
4442,"10463"
4443,"10463"
4444,"7154"
4445,"12615"
4446,"10840"
4447,"1240"
4448,"12471"
4449,"7533"
4450,"3148"
4451,"243"
4452,"243"
4453,"243"
4454,"660"
4455,"3995"
4456,"4922"
4457,"4922"
4458,"4922"
4459,"11035"
4460,"2796"
4461,"3103"
4462,"2495"
4463,"1992"
4464,"4355"
4465,"23"
4466,"2964"
4467,"32"
4468,"32"
4469,"32"
4470,"32"
4471,"32"
4472,"32"
4473,"32"
4474,"32"
4475,"32"
4476,"32"
4477,"32"
4478,"32"
4479,"32"
4480,"32"
4481,"32"
4482,"32"
4483,"32"
4484,"32"
4485,"11570"
4486,"2713"
4487,"2713"
4488,"2713"
4489,"10147"
4490,"511"
4491,"166"
4492,"9667"
4493,"3199"
4494,"1371"
4495,"1784"
4496,"4343"
4497,"9686"
4498,"9686"
4499,"9686"
4500,"9686"
4501,"2989"
4502,"1740"
4503,"5419"
4504,"5419"
4505,"5419"
4506,"5361"
4507,"3780"
4508,"813"
4509,"560"
4510,"560"
4511,"560"
4512,"5022"
4513,"2357"
4514,"71"
4515,"71"
4516,"1106"
4517,"1106"
4518,"1106"
4519,"1106"
4520,"1106"
4521,"1474"
4522,"255"
4523,"5092"
4524,"3473"
4525,"7450"
4526,"3000"
4527,"1168"
4528,"900"
4529,"900"
4530,"541"
4531,"2515"
4532,"1047"
4533,"1047"
4534,"208"
4535,"1067"
4536,"2968"
4537,"64"
4538,"64"
4539,"64"
4540,"12251"
4541,"1577"
4542,"1577"
4543,"900"
4544,"900"
4545,"28"
4546,"11647"
4547,"5326"
4548,"5326"
4549,"5326"
4550,"9706"
4551,"9706"
4552,"9706"
4553,"388"
4554,"388"
4555,"1587"
4556,"376"
4557,"376"
4558,"23"
4559,"767"
4560,"8183"
4561,"11861"
4562,"10514"
4563,"10514"
4564,"202"
4565,"202"
4566,"5824"
4567,"3628"
4568,"3628"
4569,"5790"
4570,"218"
4571,"218"
4572,"218"
4573,"890"
4574,"5702"
4575,"774"
4576,"476"
4577,"2696"
4578,"2696"
4579,"11297"
4580,"2413"
4581,"2715"
4582,"5397"
4583,"9508"
4584,"11342"
4585,"2219"
4586,"2219"
4587,"8920"
4588,"8920"
4589,"8920"
4590,"8920"
4591,"9571"
4592,"3852"
4593,"2558"
4594,"6626"
4595,"8421"
4596,"8421"
4597,"2993"
4598,"289"
4599,"1858"
4600,"6409"
4601,"3729"
4602,"8374"
4603,"8374"
4604,"3179"
4605,"1803"
4606,"5609"
4607,"2462"
4608,"546"
4609,"208"
4610,"8104"
4611,"8104"
4612,"2576"
4613,"5038"
4614,"5038"
4615,"783"
4616,"1798"
4617,"7878"
4618,"1923"
4619,"3358"
4620,"421"
4621,"421"
4622,"421"
4623,"421"
4624,"1311"
4625,"9895"
4626,"9895"
4627,"9895"
4628,"9895"
4629,"1507"
4630,"1507"
4631,"1507"
4632,"1507"
4633,"1507"
4634,"4836"
4635,"4836"
4636,"4836"
4637,"4836"
4638,"10424"
4639,"760"
4640,"6204"
4641,"6204"
4642,"6204"
4643,"6204"
4644,"2040"
4645,"8133"
4646,"4416"
4647,"4416"
4648,"5050"
4649,"4814"
4650,"2314"
4651,"3163"
4652,"7568"
4653,"1200"
4654,"7615"
4655,"6301"
4656,"8477"
4657,"11892"
4658,"11892"
4659,"3963"
4660,"2"
4661,"4332"
4662,"3067"
4663,"1897"
4664,"8101"
4665,"7520"
4666,"664"
4667,"12102"
4668,"1620"
4669,"11112"
4670,"7707"
4671,"198"
4672,"198"
4673,"9754"
4674,"1619"
4675,"3758"
4676,"3758"
4677,"5180"
4678,"1260"
4679,"2310"
4680,"2310"
4681,"2310"
4682,"2310"
4683,"2310"
4684,"2310"
4685,"2310"
4686,"456"
4687,"456"
4688,"456"
4689,"456"
4690,"358"
4691,"358"
4692,"358"
4693,"358"
4694,"358"
4695,"358"
4696,"358"
4697,"358"
4698,"388"
4699,"2934"
4700,"2934"
4701,"2934"
4702,"2934"
4703,"2934"
4704,"2934"
4705,"8808"
4706,"1252"
4707,"1252"
4708,"2189"
4709,"1298"
4710,"7453"
4711,"7453"
4712,"6985"
4713,"176"
4714,"176"
4715,"176"
4716,"176"
4717,"6353"
4718,"1364"
4719,"352"
4720,"11590"
4721,"11590"
4722,"9245"
4723,"409"
4724,"10104"
4725,"10903"
4726,"6727"
4727,"5056"
4728,"5056"
4729,"1475"
4730,"1030"
4731,"1284"
4732,"490"
4733,"4890"
4734,"460"
4735,"1236"
4736,"1236"
4737,"1236"
4738,"5015"
4739,"9739"
4740,"7003"
4741,"32"
4742,"2542"
4743,"2542"
4744,"2542"
4745,"2542"
4746,"2542"
4747,"8649"
4748,"8649"
4749,"198"
4750,"11287"
4751,"5529"
4752,"5529"
4753,"5529"
4754,"5529"
4755,"29"
4756,"4403"
4757,"130"
4758,"358"
4759,"234"
4760,"3141"
4761,"9135"
4762,"10526"
4763,"2223"
4764,"391"
4765,"391"
4766,"5894"
4767,"3048"
4768,"324"
4769,"1577"
4770,"2285"
4771,"9783"
4772,"12190"
4773,"3286"
4774,"1872"
4775,"1872"
4776,"1872"
4777,"3521"
4778,"32"
4779,"245"
4780,"5569"
4781,"29"
4782,"6191"
4783,"2"
4784,"32"
4785,"23"
4786,"2"
4787,"2"
4788,"130"
4789,"926"
4790,"2475"
4791,"2475"
4792,"2475"
4793,"28"
4794,"5555"
4795,"9564"
4796,"1986"
4797,"1853"
4798,"1853"
4799,"1853"
4800,"1853"
4801,"6217"
4802,"6217"
4803,"1940"
4804,"3884"
4805,"7580"
4806,"8805"
4807,"8805"
4808,"9779"
4809,"9455"
4810,"124"
4811,"10911"
4812,"1499"
4813,"180"
4814,"10867"
4815,"10867"
4816,"435"
4817,"1466"
4818,"9683"
4819,"8505"
4820,"8505"
4821,"8505"
4822,"2906"
4823,"135"
4824,"8793"
4825,"10515"
4826,"7402"
4827,"7402"
4828,"7402"
4829,"4696"
4830,"4696"
4831,"6781"
4832,"527"
4833,"10048"
4834,"6927"
4835,"6927"
4836,"7688"
4837,"7688"
4838,"7688"
4839,"1049"
4840,"1049"
4841,"131"
4842,"3577"
4843,"6085"
4844,"4842"
4845,"4842"
4846,"4842"
4847,"227"
4848,"180"
4849,"5426"
4850,"5233"
4851,"3307"
4852,"1610"
4853,"1610"
4854,"8231"
4855,"538"
4856,"538"
4857,"1986"
4858,"1094"
4859,"1094"
4860,"8592"
4861,"12387"
4862,"2318"
4863,"2318"
4864,"2318"
4865,"2318"
4866,"2318"
4867,"2318"
4868,"421"
4869,"421"
4870,"421"
4871,"421"
4872,"6731"
4873,"11953"
4874,"1684"
4875,"1139"
4876,"9062"
4877,"2044"
4878,"131"
4879,"131"
4880,"8974"
4881,"8640"
4882,"2853"
4883,"2853"
4884,"509"
4885,"4451"
4886,"4451"
4887,"54"
4888,"54"
4889,"54"
4890,"23"
4891,"11606"
4892,"11677"
4893,"8857"
4894,"8857"
4895,"8857"
4896,"8857"
4897,"8764"
4898,"11151"
4899,"3728"
4900,"1671"
4901,"1671"
4902,"11646"
4903,"839"
4904,"5617"
4905,"131"
4906,"3325"
4907,"444"
4908,"5871"
4909,"8719"
4910,"3595"
4911,"859"
4912,"5200"
4913,"3542"
4914,"569"
4915,"8092"
4916,"149"
4917,"1069"
4918,"7775"
4919,"4373"
4920,"4373"
4921,"4373"
4922,"4373"
4923,"4373"
4924,"4373"
4925,"11589"
4926,"835"
4927,"11219"
4928,"884"
4929,"651"
4930,"651"
4931,"12043"
4932,"1897"
4933,"260"
4934,"260"
4935,"260"
4936,"3058"
4937,"373"
4938,"2771"
4939,"325"
4940,"1857"
4941,"2020"
4942,"764"
4943,"902"
4944,"29"
4945,"7233"
4946,"7233"
4947,"7233"
4948,"7233"
4949,"11531"
4950,"11531"
4951,"10750"
4952,"8226"
4953,"208"
4954,"2325"
4955,"2325"
4956,"914"
4957,"116"
4958,"4814"
4959,"10253"
4960,"2800"
4961,"247"
4962,"247"
4963,"2109"
4964,"2109"
4965,"2109"
4966,"2109"
4967,"2109"
4968,"2109"
4969,"5289"
4970,"1352"
4971,"1352"
4972,"1352"
4973,"1352"
4974,"1352"
4975,"1352"
4976,"6959"
4977,"11637"
4978,"11637"
4979,"2339"
4980,"1370"
4981,"388"
4982,"10966"
4983,"9433"
4984,"1858"
4985,"1858"
4986,"1858"
4987,"1546"
4988,"11515"
4989,"5822"
4990,"5822"
4991,"7239"
4992,"918"
4993,"67"
4994,"924"
4995,"924"
4996,"1337"
4997,"1337"
4998,"1337"
4999,"1000"
5000,"1000"
5001,"2850"
5002,"2850"
5003,"2850"
5004,"8769"
5005,"2722"
5006,"10571"
5007,"10571"
5008,"10571"
5009,"10571"
5010,"10571"
5011,"7943"
5012,"8071"
5013,"4098"
5014,"31"
5015,"31"
5016,"1389"
5017,"3493"
5018,"7450"
5019,"7450"
5020,"7450"
5021,"7450"
5022,"7450"
5023,"227"
5024,"227"
5025,"5288"
5026,"8907"
5027,"4446"
5028,"4446"
5029,"5103"
5030,"5103"
5031,"5103"
5032,"5103"
5033,"5103"
5034,"5103"
5035,"5103"
5036,"5103"
5037,"8086"
5038,"8086"
5039,"8086"
5040,"8086"
5041,"8086"
5042,"3232"
5043,"6338"
5044,"3535"
5045,"4870"
5046,"4870"
5047,"4870"
5048,"4870"
5049,"4870"
5050,"5602"
5051,"85"
5052,"4696"
5053,"686"
5054,"1640"
5055,"3755"
5056,"3755"
5057,"3740"
5058,"1370"
5059,"7160"
5060,"23"
5061,"270"
5062,"242"
5063,"4539"
5064,"1698"
5065,"2554"
5066,"2554"
5067,"2554"
5068,"2554"
5069,"4469"
5070,"8203"
5071,"1782"
5072,"96"
5073,"2735"
5074,"8454"
5075,"10292"
5076,"10292"
5077,"6181"
5078,"7159"
5079,"3731"
5080,"32"
5081,"420"
5082,"420"
5083,"12328"
5084,"653"
5085,"653"
5086,"653"
5087,"653"
5088,"12478"
5089,"11445"
5090,"11445"
5091,"11445"
5092,"11445"
5093,"11445"
5094,"11445"
5095,"1858"
5096,"10657"
5097,"9146"
5098,"9516"
5099,"8429"
5100,"7708"
5101,"1024"
5102,"23"
5103,"421"
5104,"421"
5105,"10593"
5106,"7578"
5107,"7912"
5108,"5500"
5109,"4522"
5110,"531"
5111,"1930"
5112,"1930"
5113,"524"
5114,"4269"
5115,"5912"
5116,"5912"
5117,"884"
5118,"2065"
5119,"2128"
5120,"5367"
5121,"7673"
5122,"604"
5123,"2247"
5124,"2247"
5125,"2247"
5126,"2247"
5127,"11445"
5128,"6351"
5129,"5699"
5130,"2772"
5131,"56"
5132,"56"
5133,"393"
5134,"6672"
5135,"2292"
5136,"6743"
5137,"2850"
5138,"8394"
5139,"93"
5140,"93"
5141,"93"
5142,"93"
5143,"93"
5144,"1363"
5145,"12999"
5146,"2160"
5147,"7898"
5148,"3427"
5149,"2324"
5150,"8778"
5151,"12184"
5152,"7205"
5153,"4600"
5154,"12258"
5155,"12258"
5156,"12258"
5157,"12258"
5158,"12258"
5159,"12258"
5160,"12258"
5161,"12258"
5162,"12258"
5163,"23"
5164,"23"
5165,"8590"
5166,"438"
5167,"6816"
5168,"597"
5169,"597"
5170,"597"
5171,"3428"
5172,"5764"
5173,"1370"
5174,"8854"
5175,"3622"
5176,"3622"
5177,"3622"
5178,"3622"
5179,"71"
5180,"71"
5181,"71"
5182,"71"
5183,"71"
5184,"71"
5185,"2166"
5186,"2166"
5187,"3193"
5188,"3193"
5189,"4859"
5190,"4859"
5191,"2247"
5192,"2247"
5193,"2247"
5194,"24"
5195,"11400"
5196,"9501"
5197,"6128"
5198,"2324"
5199,"1414"
5200,"1414"
5201,"2654"
5202,"2654"
5203,"2654"
5204,"190"
5205,"5141"
5206,"9437"
5207,"56"
5208,"56"
5209,"56"
5210,"56"
5211,"28"
5212,"9391"
5213,"15"
5214,"1937"
5215,"7050"
5216,"9270"
5217,"3657"
5218,"12553"
5219,"12865"
5220,"4432"
5221,"4432"
5222,"4301"
5223,"12258"
5224,"7406"
5225,"7406"
5226,"135"
5227,"135"
5228,"7302"
5229,"7302"
5230,"22"
5231,"32"
5232,"10522"
5233,"1139"
5234,"3614"
5235,"11109"
5236,"3099"
5237,"5801"
5238,"3384"
5239,"832"
5240,"2871"
5241,"2871"
5242,"2871"
5243,"9002"
5244,"9002"
5245,"9002"
5246,"9002"
5247,"7144"
5248,"12299"
5249,"618"
5250,"618"
5251,"5"
5252,"10950"
5253,"2879"
5254,"771"
5255,"771"
5256,"3690"
5257,"5391"
5258,"64"
5259,"1724"
5260,"5813"
5261,"1680"
5262,"5034"
5263,"5769"
5264,"5769"
5265,"505"
5266,"505"
5267,"505"
5268,"505"
5269,"4593"
5270,"4593"
5271,"4593"
5272,"4593"
5273,"448"
5274,"448"
5275,"4509"
5276,"4509"
5277,"4509"
5278,"4509"
5279,"4509"
5280,"4509"
5281,"4509"
5282,"4509"
5283,"4301"
5284,"4301"
5285,"376"
5286,"5982"
5287,"4794"
5288,"4794"
5289,"4794"
5290,"4794"
5291,"4794"
5292,"4794"
5293,"1890"
5294,"1168"
5295,"12554"
5296,"1239"
5297,"929"
5298,"2645"
5299,"279"
5300,"3920"
5301,"3901"
5302,"3901"
5303,"3901"
5304,"3901"
5305,"841"
5306,"11755"
5307,"2005"
5308,"2005"
5309,"11592"
5310,"11592"
5311,"11592"
5312,"5687"
5313,"5687"
5314,"3919"
5315,"32"
5316,"224"
5317,"8789"
5318,"2246"
5319,"4055"
5320,"4251"
5321,"4251"
5322,"2603"
5323,"2603"
5324,"8184"
5325,"10969"
5326,"6003"
5327,"6450"
5328,"7547"
5329,"4414"
5330,"4414"
5331,"4414"
5332,"4414"
5333,"4414"
5334,"11824"
5335,"841"
5336,"841"
5337,"8786"
5338,"4991"
5339,"4991"
5340,"5780"
5341,"8857"
5342,"597"
5343,"5742"
5344,"5892"
5345,"11952"
5346,"87"
5347,"8612"
5348,"2379"
5349,"11701"
5350,"11701"
5351,"3590"
5352,"9819"
5353,"10294"
5354,"1764"
5355,"1764"
5356,"6953"
5357,"6953"
5358,"6953"
5359,"6953"
5360,"3579"
5361,"11024"
5362,"7351"
5363,"7977"
5364,"23"
5365,"23"
5366,"7057"
5367,"32"
5368,"87"
5369,"9069"
5370,"32"
5371,"32"
5372,"32"
5373,"32"
5374,"2402"
5375,"6487"
5376,"1542"
5377,"1542"
5378,"1542"
5379,"8010"
5380,"308"
5381,"308"
5382,"1249"
5383,"2480"
5384,"2480"
5385,"2480"
5386,"2480"
5387,"2480"
5388,"2480"
5389,"1463"
5390,"1463"
5391,"898"
5392,"1648"
5393,"1648"
5394,"11811"
5395,"2"
5396,"7224"
5397,"1885"
5398,"639"
5399,"391"
5400,"391"
5401,"391"
5402,"1370"
5403,"1168"
5404,"2296"
5405,"3796"
5406,"10115"
5407,"10115"
5408,"10115"
5409,"5816"
5410,"2380"
5411,"2380"
5412,"2380"
5413,"7366"
5414,"4785"
5415,"4785"
5416,"4785"
5417,"2461"
5418,"2461"
5419,"3327"
5420,"3327"
5421,"6153"
5422,"1736"
5423,"375"
5424,"2480"
5425,"2480"
5426,"10409"
5427,"10191"
5428,"1548"
5429,"1548"
5430,"1548"
5431,"388"
5432,"1749"
5433,"7652"
5434,"1181"
5435,"1181"
5436,"3641"
5437,"3641"
5438,"4919"
5439,"4919"
5440,"4919"
5441,"8765"
5442,"6952"
5443,"2480"
5444,"2480"
5445,"5994"
5446,"11732"
5447,"6608"
5448,"2993"
5449,"8189"
5450,"8189"
5451,"8189"
5452,"8189"
5453,"8189"
5454,"8189"
5455,"8189"
5456,"8189"
5457,"4390"
5458,"7008"
5459,"7008"
5460,"7450"
5461,"7450"
5462,"3163"
5463,"9040"
5464,"10357"
5465,"832"
5466,"2620"
5467,"3193"
5468,"3193"
5469,"7551"
5470,"1724"
5471,"135"
5472,"135"
5473,"5904"
5474,"4371"
5475,"4371"
5476,"4371"
5477,"1218"
5478,"1218"
5479,"10238"
5480,"10238"
5481,"10238"
5482,"417"
5483,"135"
5484,"3576"
5485,"1935"
5486,"5802"
5487,"5802"
5488,"5802"
5489,"159"
5490,"159"
5491,"159"
5492,"764"
5493,"3730"
5494,"8312"
5495,"1201"
5496,"7913"
5497,"1751"
5498,"1751"
5499,"96"
5500,"10116"
5501,"3210"
5502,"6846"
5503,"10473"
5504,"1444"
5505,"23"
5506,"2464"
5507,"7477"
5508,"7258"
5509,"8951"
5510,"3656"
5511,"349"
5512,"1076"
5513,"1278"
5514,"4882"
5515,"1011"
5516,"1011"
5517,"29"
5518,"1130"
5519,"1130"
5520,"1130"
5521,"1130"
5522,"2018"
5523,"572"
5524,"572"
5525,"572"
5526,"11473"
5527,"23"
5528,"555"
5529,"2133"
5530,"2133"
5531,"2133"
5532,"620"
5533,"620"
5534,"620"
5535,"12008"
5536,"6773"
5537,"6773"
5538,"630"
5539,"1333"
5540,"5130"
5541,"2125"
5542,"2125"
5543,"1402"
5544,"1402"
5545,"1337"
5546,"1337"
5547,"1337"
5548,"1337"
5549,"2793"
5550,"2135"
5551,"2135"
5552,"2135"
5553,"2135"
5554,"2135"
5555,"2135"
5556,"2135"
5557,"4033"
5558,"4033"
5559,"295"
5560,"6785"
5561,"12539"
5562,"8576"
5563,"8576"
5564,"5556"
5565,"3623"
5566,"2744"
5567,"3550"
5568,"1120"
5569,"11541"
5570,"2886"
5571,"10184"
5572,"3633"
5573,"2065"
5574,"29"
5575,"29"
5576,"6134"
5577,"135"
5578,"5241"
5579,"4300"
5580,"59"
5581,"59"
5582,"59"
5583,"6570"
5584,"336"
5585,"6023"
5586,"8834"
5587,"6304"
5588,"6843"
5589,"8400"
5590,"8400"
5591,"3813"
5592,"1882"
5593,"1313"
5594,"1313"
5595,"1313"
5596,"1313"
5597,"1313"
5598,"1313"
5599,"1313"
5600,"1313"
5601,"2100"
5602,"1500"
5603,"1500"
5604,"1500"
5605,"1500"
5606,"444"
5607,"8108"
5608,"8108"
5609,"2559"
5610,"2559"
5611,"2559"
5612,"307"
5613,"307"
5614,"1177"
5615,"725"
5616,"725"
5617,"2784"
5618,"6677"
5619,"5093"
5620,"5251"
5621,"5251"
5622,"23"
5623,"1740"
5624,"10204"
5625,"10204"
5626,"10204"
5627,"10204"
5628,"10204"
5629,"10204"
5630,"10204"
5631,"10204"
5632,"10204"
5633,"10204"
5634,"10204"
5635,"10204"
5636,"1507"
5637,"1507"
5638,"1507"
5639,"3675"
5640,"1463"
5641,"1463"
5642,"1463"
5643,"1140"
5644,"4824"
5645,"4824"
5646,"4213"
5647,"10711"
5648,"10711"
5649,"9399"
5650,"1395"
5651,"993"
5652,"6458"
5653,"1658"
5654,"1658"
5655,"841"
5656,"2160"
5657,"10523"
5658,"325"
5659,"3995"
5660,"3330"
5661,"310"
5662,"8106"
5663,"8106"
5664,"8106"
5665,"11923"
5666,"11923"
5667,"4181"
5668,"65"
5669,"310"
5670,"7534"
5671,"4086"
5672,"6808"
5673,"3732"
5674,"5867"
5675,"4588"
5676,"8129"
5677,"56"
5678,"32"
5679,"8404"
5680,"3396"
5681,"2190"
5682,"131"
5683,"6787"
5684,"12473"
5685,"373"
5686,"373"
5687,"373"
5688,"8498"
5689,"5706"
5690,"5706"
5691,"5706"
5692,"5706"
5693,"5706"
5694,"5706"
5695,"3887"
5696,"2413"
5697,"11875"
5698,"11875"
5699,"7412"
5700,"4076"
5701,"4076"
5702,"1063"
5703,"926"
5704,"6514"
5705,"1526"
5706,"1526"
5707,"1526"
5708,"1526"
5709,"1526"
5710,"4386"
5711,"10803"
5712,"900"
5713,"11649"
5714,"1223"
5715,"3107"
5716,"4352"
5717,"216"
5718,"2056"
5719,"6787"
5720,"10107"
5721,"9855"
5722,"10871"
5723,"9805"
5724,"9805"
5725,"9805"
5726,"762"
5727,"11260"
5728,"32"
5729,"3831"
5730,"9473"
5731,"9473"
5732,"166"
5733,"166"
5734,"166"
5735,"2"
5736,"2"
5737,"6222"
5738,"12058"
5739,"1991"
5740,"1991"
5741,"1991"
5742,"1991"
5743,"1991"
5744,"1991"
5745,"1991"
5746,"1991"
5747,"1991"
5748,"3652"
5749,"3652"
5750,"9546"
5751,"6639"
5752,"1437"
5753,"690"
5754,"9005"
5755,"1334"
5756,"1334"
5757,"1334"
5758,"1334"
5759,"1334"
5760,"1334"
5761,"1334"
5762,"3057"
5763,"3057"
5764,"3057"
5765,"11910"
5766,"6674"
5767,"2889"
5768,"2889"
5769,"2889"
5770,"6239"
5771,"6239"
5772,"6239"
5773,"4305"
5774,"17"
5775,"7060"
5776,"2279"
5777,"5371"
5778,"10862"
5779,"7348"
5780,"6586"
5781,"6586"
5782,"10618"
5783,"9451"
5784,"6032"
5785,"6032"
5786,"2056"
5787,"4233"
5788,"4233"
5789,"12599"
5790,"1252"
5791,"4936"
5792,"2130"
5793,"193"
5794,"313"
5795,"1304"
5796,"11103"
5797,"11103"
5798,"11103"
5799,"11103"
5800,"11103"
5801,"7620"
5802,"5337"
5803,"10529"
5804,"10529"
5805,"10529"
5806,"10529"
5807,"10529"
5808,"10529"
5809,"2056"
5810,"2056"
5811,"3550"
5812,"3550"
5813,"630"
5814,"630"
5815,"351"
5816,"351"
5817,"351"
5818,"23"
5819,"1397"
5820,"2"
5821,"2"
5822,"9828"
5823,"9795"
5824,"1589"
5825,"3771"
5826,"3771"
5827,"3771"
5828,"3771"
5829,"3771"
5830,"3771"
5831,"3771"
5832,"3771"
5833,"3771"
5834,"3771"
5835,"3771"
5836,"29"
5837,"632"
5838,"632"
5839,"1082"
5840,"2"
5841,"10521"
5842,"176"
5843,"176"
5844,"2756"
5845,"649"
5846,"3898"
5847,"6306"
5848,"6306"
5849,"11013"
5850,"6213"
5851,"3223"
5852,"6750"
5853,"11521"
5854,"11521"
5855,"12814"
5856,"7561"
5857,"3665"
5858,"7480"
5859,"1051"
5860,"1051"
5861,"1051"
5862,"7151"
5863,"9546"
5864,"665"
5865,"665"
5866,"665"
5867,"665"
5868,"665"
5869,"403"
5870,"10340"
5871,"3889"
5872,"98"
5873,"98"
5874,"98"
5875,"3367"
5876,"3367"
5877,"1896"
5878,"1896"
5879,"2495"
5880,"1698"
5881,"1698"
5882,"3823"
5883,"3823"
5884,"3823"
5885,"3823"
5886,"2514"
5887,"4838"
5888,"7311"
5889,"9365"
5890,"9365"
5891,"9365"
5892,"9365"
5893,"9365"
5894,"9365"
5895,"609"
5896,"1324"
5897,"1324"
5898,"1324"
5899,"1730"
5900,"1730"
5901,"1730"
5902,"6366"
5903,"989"
5904,"7149"
5905,"7149"
5906,"7839"
5907,"7839"
5908,"7839"
5909,"7839"
5910,"7839"
5911,"7839"
5912,"1304"
5913,"1304"
5914,"1304"
5915,"4249"
5916,"1911"
5917,"1005"
5918,"96"
5919,"96"
5920,"96"
5921,"1835"
5922,"8567"
5923,"5846"
5924,"75"
5925,"166"
5926,"8804"
5927,"8804"
5928,"1266"
5929,"1266"
5930,"1266"
5931,"1266"
5932,"1266"
5933,"1010"
5934,"2733"
5935,"3883"
5936,"10365"
5937,"4822"
5938,"4822"
5939,"4822"
5940,"6685"
5941,"320"
5942,"320"
5943,"320"
5944,"1227"
5945,"7267"
5946,"8262"
5947,"8262"
5948,"8262"
5949,"8262"
5950,"8262"
5951,"8712"
5952,"8324"
5953,"2754"
5954,"2754"
5955,"2754"
5956,"7515"
5957,"3188"
5958,"12476"
5959,"12476"
5960,"9463"
5961,"861"
5962,"861"
5963,"861"
5964,"686"
5965,"7627"
5966,"3557"
5967,"9371"
5968,"577"
5969,"577"
5970,"577"
5971,"2542"
5972,"2542"
5973,"2542"
5974,"25"
5975,"20"
5976,"872"
5977,"872"
5978,"872"
5979,"872"
5980,"10363"
5981,"131"
5982,"1327"
5983,"12845"
5984,"11141"
5985,"3796"
5986,"8584"
5987,"2804"
5988,"4584"
5989,"71"
5990,"4751"
5991,"2558"
5992,"2558"
5993,"2558"
5994,"9298"
5995,"4251"
5996,"1964"
5997,"56"
5998,"2511"
5999,"1304"
6000,"3893"
6001,"9687"
6002,"3946"
6003,"4943"
6004,"12077"
6005,"1702"
6006,"1702"
6007,"1702"
6008,"1702"
6009,"1702"
6010,"1702"
6011,"400"
6012,"444"
6013,"444"
6014,"444"
6015,"444"
6016,"444"
6017,"444"
6018,"246"
6019,"10159"
6020,"2393"
6021,"1698"
6022,"1698"
6023,"8788"
6024,"2907"
6025,"10153"
6026,"2043"
6027,"2043"
6028,"2043"
6029,"2043"
6030,"2043"
6031,"2043"
6032,"2043"
6033,"2043"
6034,"10880"
6035,"10880"
6036,"10880"
6037,"597"
6038,"516"
6039,"10491"
6040,"8715"
6041,"6923"
6042,"421"
6043,"421"
6044,"6754"
6045,"11536"
6046,"1753"
6047,"5592"
6048,"8084"
6049,"4204"
6050,"3342"
6051,"3648"
6052,"5726"
6053,"6127"
6054,"6127"
6055,"6127"
6056,"3681"
6057,"753"
6058,"2961"
6059,"349"
6060,"1053"
6061,"6728"
6062,"6728"
6063,"11313"
6064,"11313"
6065,"2161"
6066,"2161"
6067,"2161"
6068,"2161"
6069,"1826"
6070,"1826"
6071,"1826"
6072,"1826"
6073,"1826"
6074,"3349"
6075,"2"
6076,"5948"
6077,"11030"
6078,"308"
6079,"6914"
6080,"8265"
6081,"4862"
6082,"4455"
6083,"2116"
6084,"2116"
6085,"2116"
6086,"2116"
6087,"2116"
6088,"10554"
6089,"6500"
6090,"9390"
6091,"9390"
6092,"2746"
6093,"135"
6094,"5194"
6095,"5194"
6096,"5194"
6097,"723"
6098,"723"
6099,"723"
6100,"983"
6101,"10108"
6102,"5580"
6103,"5580"
6104,"5580"
6105,"5580"
6106,"5580"
6107,"5580"
6108,"835"
6109,"835"
6110,"3682"
6111,"3682"
6112,"6762"
6113,"6762"
6114,"6762"
6115,"8003"
6116,"2297"
6117,"5274"
6118,"5274"
6119,"5274"
6120,"11884"
6121,"1911"
6122,"189"
6123,"8868"
6124,"8868"
6125,"8868"
6126,"8868"
6127,"8868"
6128,"8868"
6129,"1507"
6130,"85"
6131,"85"
6132,"5160"
6133,"5160"
6134,"8458"
6135,"521"
6136,"1291"
6137,"1291"
6138,"4889"
6139,"3859"
6140,"5321"
6141,"5321"
6142,"1850"
6143,"10873"
6144,"10873"
6145,"286"
6146,"1036"
6147,"6195"
6148,"12354"
6149,"2324"
6150,"2493"
6151,"2493"
6152,"2493"
6153,"351"
6154,"351"
6155,"351"
6156,"351"
6157,"351"
6158,"2716"
6159,"6462"
6160,"3951"
6161,"3951"
6162,"3951"
6163,"3951"
6164,"3951"
6165,"1752"
6166,"8857"
6167,"11018"
6168,"29"
6169,"3413"
6170,"3124"
6171,"3124"
6172,"7579"
6173,"1100"
6174,"96"
6175,"7009"
6176,"7009"
6177,"99"
6178,"364"
6179,"12219"
6180,"420"
6181,"263"
6182,"263"
6183,"899"
6184,"725"
6185,"725"
6186,"725"
6187,"729"
6188,"729"
6189,"9869"
6190,"9869"
6191,"597"
6192,"4591"
6193,"11886"
6194,"10250"
6195,"561"
6196,"3489"
6197,"3489"
6198,"3129"
6199,"2457"
6200,"11927"
6201,"691"
6202,"208"
6203,"12160"
6204,"12160"
6205,"10323"
6206,"71"
6207,"71"
6208,"71"
6209,"71"
6210,"71"
6211,"71"
6212,"71"
6213,"4710"
6214,"3576"
6215,"1526"
6216,"2850"
6217,"5211"
6218,"11353"
6219,"12531"
6220,"851"
6221,"154"
6222,"4750"
6223,"4750"
6224,"4750"
6225,"4750"
6226,"4750"
6227,"1463"
6228,"1370"
6229,"6143"
6230,"1526"
6231,"1526"
6232,"131"
6233,"6361"
6234,"3921"
6235,"376"
6236,"2003"
6237,"32"
6238,"32"
6239,"32"
6240,"32"
6241,"32"
6242,"32"
6243,"32"
6244,"32"
6245,"32"
6246,"32"
6247,"32"
6248,"2748"
6249,"2748"
6250,"2748"
6251,"2748"
6252,"4703"
6253,"180"
6254,"413"
6255,"516"
6256,"3350"
6257,"3350"
6258,"12507"
6259,"5226"
6260,"5226"
6261,"792"
6262,"7559"
6263,"7281"
6264,"7281"
6265,"8399"
6266,"11302"
6267,"351"
6268,"71"
6269,"71"
6270,"71"
6271,"11505"
6272,"12341"
6273,"403"
6274,"8660"
6275,"8660"
6276,"8660"
6277,"96"
6278,"7672"
6279,"386"
6280,"386"
6281,"386"
6282,"1027"
6283,"5304"
6284,"1498"
6285,"310"
6286,"426"
6287,"9438"
6288,"8064"
6289,"182"
6290,"3666"
6291,"3666"
6292,"770"
6293,"770"
6294,"12474"
6295,"12474"
6296,"12474"
6297,"12474"
6298,"12474"
6299,"3016"
6300,"74"
6301,"11698"
6302,"12112"
6303,"12112"
6304,"12112"
6305,"12112"
6306,"12112"
6307,"12112"
6308,"1161"
6309,"1161"
6310,"1161"
6311,"3168"
6312,"4863"
6313,"12514"
6314,"5089"
6315,"6152"
6316,"6152"
6317,"6152"
6318,"6152"
6319,"6152"
6320,"9517"
6321,"2739"
6322,"8889"
6323,"3197"
6324,"2824"
6325,"32"
6326,"1391"
6327,"6533"
6328,"597"
6329,"749"
6330,"351"
6331,"107"
6332,"4536"
6333,"23"
6334,"6582"
6335,"9826"
6336,"9826"
6337,"9826"
6338,"8629"
6339,"8629"
6340,"29"
6341,"3069"
6342,"5992"
6343,"11250"
6344,"11250"
6345,"11250"
6346,"2637"
6347,"11097"
6348,"1298"
6349,"1298"
6350,"1298"
6351,"1298"
6352,"5578"
6353,"5578"
6354,"6326"
6355,"10773"
6356,"6359"
6357,"6359"
6358,"6359"
6359,"6359"
6360,"7861"
6361,"7861"
6362,"7861"
6363,"7861"
6364,"56"
6365,"2850"
6366,"2850"
6367,"2850"
6368,"1868"
6369,"3496"
6370,"12560"
6371,"9502"
6372,"12001"
6373,"3175"
6374,"11845"
6375,"6706"
6376,"9289"
6377,"12148"
6378,"12148"
6379,"75"
6380,"12461"
6381,"1394"
6382,"1018"
6383,"1018"
6384,"1018"
6385,"11686"
6386,"13"
6387,"1870"
6388,"2697"
6389,"8820"
6390,"1047"
6391,"4138"
6392,"11191"
6393,"8469"
6394,"9774"
6395,"4884"
6396,"3517"
6397,"3517"
6398,"3517"
6399,"4056"
6400,"4056"
6401,"4056"
6402,"4056"
6403,"4056"
6404,"4056"
6405,"4056"
6406,"4693"
6407,"2"
6408,"286"
6409,"11023"
6410,"2653"
6411,"10925"
6412,"4357"
6413,"4357"
6414,"4357"
6415,"4357"
6416,"2415"
6417,"855"
6418,"8093"
6419,"32"
6420,"2978"
6421,"2978"
6422,"2978"
6423,"11823"
6424,"11823"
6425,"11823"
6426,"11823"
6427,"11823"
6428,"11823"
6429,"1875"
6430,"1875"
6431,"1875"
6432,"1875"
6433,"3836"
6434,"3836"
6435,"10945"
6436,"807"
6437,"807"
6438,"7080"
6439,"3891"
6440,"10296"
6441,"223"
6442,"223"
6443,"2927"
6444,"2927"
6445,"2927"
6446,"4286"
6447,"4286"
6448,"4286"
6449,"3263"
6450,"3181"
6451,"3431"
6452,"3431"
6453,"3431"
6454,"11603"
6455,"180"
6456,"7124"
6457,"723"
6458,"6418"
6459,"3111"
6460,"915"
6461,"915"
6462,"915"
6463,"376"
6464,"376"
6465,"1562"
6466,"1562"
6467,"1562"
6468,"8745"
6469,"2206"
6470,"2206"
6471,"15"
6472,"5108"
6473,"5108"
6474,"5108"
6475,"3628"
6476,"9981"
6477,"734"
6478,"310"
6479,"310"
6480,"10865"
6481,"2804"
6482,"6969"
6483,"6969"
6484,"6969"
6485,"6567"
6486,"1760"
6487,"6249"
6488,"7015"
6489,"5234"
6490,"289"
6491,"8372"
6492,"3090"
6493,"1139"
6494,"4711"
6495,"4711"
6496,"4711"
6497,"4711"
6498,"4711"
6499,"4711"
6500,"4711"
6501,"4711"
6502,"4711"
6503,"4711"
6504,"4711"
6505,"4711"
6506,"4711"
6507,"4711"
6508,"4711"
6509,"4711"
6510,"4711"
6511,"4711"
6512,"334"
6513,"3118"
6514,"11750"
6515,"10636"
6516,"3101"
6517,"7481"
6518,"7481"
6519,"7481"
6520,"7481"
6521,"7481"
6522,"7481"
6523,"7481"
6524,"7481"
6525,"7596"
6526,"10600"
6527,"807"
6528,"3286"
6529,"2355"
6530,"2355"
6531,"4380"
6532,"11018"
6533,"11018"
6534,"11018"
6535,"6876"
6536,"10408"
6537,"3148"
6538,"888"
6539,"888"
6540,"888"
6541,"5008"
6542,"9086"
6543,"5831"
6544,"10316"
6545,"756"
6546,"7953"
6547,"7953"
6548,"3193"
6549,"654"
6550,"654"
6551,"654"
6552,"11828"
6553,"938"
6554,"5439"
6555,"9888"
6556,"4600"
6557,"4600"
6558,"375"
6559,"375"
6560,"375"
6561,"5169"
6562,"1328"
6563,"753"
6564,"753"
6565,"9823"
6566,"5278"
6567,"3844"
6568,"3844"
6569,"3844"
6570,"254"
6571,"499"
6572,"4372"
6573,"2217"
6574,"6583"
6575,"6583"
6576,"9970"
6577,"9970"
6578,"3163"
6579,"5273"
6580,"2"
6581,"7942"
6582,"7021"
6583,"7264"
6584,"9136"
6585,"96"
6586,"5764"
6587,"5764"
6588,"2332"
6589,"612"
6590,"4181"
6591,"93"
6592,"32"
6593,"8508"
6594,"427"
6595,"1069"
6596,"1069"
6597,"1069"
6598,"11431"
6599,"11431"
6600,"87"
6601,"7998"
6602,"45"
6603,"1632"
6604,"10423"
6605,"104"
6606,"3130"
6607,"3130"
6608,"7989"
6609,"7989"
6610,"7989"
6611,"1223"
6612,"4"
6613,"467"
6614,"12201"
6615,"757"
6616,"614"
6617,"1333"
6618,"1389"
6619,"475"
6620,"3479"
6621,"3479"
6622,"3479"
6623,"7116"
6624,"8296"
6625,"8296"
6626,"8296"
6627,"8296"
6628,"8296"
6629,"4712"
6630,"11324"
6631,"11324"
6632,"11324"
6633,"11324"
6634,"814"
6635,"814"
6636,"3372"
6637,"3372"
6638,"3372"
6639,"3954"
6640,"3954"
6641,"3954"
6642,"11114"
6643,"1304"
6644,"1304"
6645,"1304"
6646,"1442"
6647,"8911"
6648,"8911"
6649,"1798"
6650,"6820"
6651,"12002"
6652,"12002"
6653,"11878"
6654,"2449"
6655,"2449"
6656,"2449"
6657,"11165"
6658,"3223"
6659,"3223"
6660,"3223"
6661,"11804"
6662,"11804"
6663,"11804"
6664,"4258"
6665,"1195"
6666,"9965"
6667,"9965"
6668,"9965"
6669,"3296"
6670,"1132"
6671,"1132"
6672,"5231"
6673,"5231"
6674,"732"
6675,"35"
6676,"1828"
6677,"3500"
6678,"10082"
6679,"2220"
6680,"4516"
6681,"4962"
6682,"4962"
6683,"4962"
6684,"4962"
6685,"3832"
6686,"6354"
6687,"2720"
6688,"12342"
6689,"12342"
6690,"6942"
6691,"6942"
6692,"6942"
6693,"6942"
6694,"6942"
6695,"6942"
6696,"6942"
6697,"3179"
6698,"23"
6699,"23"
6700,"23"
6701,"686"
6702,"9676"
6703,"767"
6704,"11150"
6705,"245"
6706,"1100"
6707,"12590"
6708,"5764"
6709,"2659"
6710,"2659"
6711,"2659"
6712,"2659"
6713,"3817"
6714,"9398"
6715,"6615"
6716,"3513"
6717,"3613"
6718,"1783"
6719,"3483"
6720,"11447"
6721,"11447"
6722,"10012"
6723,"10056"
6724,"4514"
6725,"4"
6726,"2758"
6727,"2758"
6728,"2758"
6729,"10410"
6730,"2511"
6731,"994"
6732,"994"
6733,"11203"
6734,"3686"
6735,"7636"
6736,"5471"
6737,"7488"
6738,"166"
6739,"131"
6740,"9967"
6741,"9967"
6742,"9967"
6743,"9967"
6744,"8260"
6745,"2658"
6746,"7554"
6747,"5028"
6748,"8912"
6749,"5258"
6750,"7302"
6751,"7302"
6752,"7302"
6753,"420"
6754,"420"
6755,"5398"
6756,"184"
6757,"184"
6758,"5916"
6759,"1577"
6760,"1577"
6761,"2723"
6762,"5117"
6763,"6704"
6764,"12131"
6765,"5993"
6766,"10603"
6767,"10603"
6768,"1650"
6769,"10311"
6770,"10311"
6771,"10311"
6772,"11096"
6773,"5782"
6774,"5782"
6775,"6003"
6776,"7527"
6777,"7527"
6778,"7527"
6779,"425"
6780,"10228"
6781,"259"
6782,"259"
6783,"8279"
6784,"8279"
6785,"6774"
6786,"23"
6787,"1586"
6788,"526"
6789,"7700"
6790,"10235"
6791,"10235"
6792,"10235"
6793,"10235"
6794,"6416"
6795,"7419"
6796,"7419"
6797,"712"
6798,"12349"
6799,"1064"
6800,"123"
6801,"5672"
6802,"511"
6803,"511"
6804,"511"
6805,"4"
6806,"3604"
6807,"8427"
6808,"7966"
6809,"7966"
6810,"7966"
6811,"8574"
6812,"8574"
6813,"4917"
6814,"4917"
6815,"6230"
6816,"5364"
6817,"3727"
6818,"1229"
6819,"274"
6820,"8714"
6821,"2683"
6822,"12526"
6823,"4699"
6824,"4699"
6825,"4699"
6826,"10710"
6827,"1577"
6828,"7848"
6829,"7848"
6830,"8859"
6831,"3178"
6832,"950"
6833,"4221"
6834,"1379"
6835,"225"
6836,"225"
6837,"225"
6838,"225"
6839,"4092"
6840,"4092"
6841,"5852"
6842,"149"
6843,"791"
6844,"791"
6845,"791"
6846,"791"
6847,"791"
6848,"791"
6849,"456"
6850,"45"
6851,"8118"
6852,"4399"
6853,"4451"
6854,"9718"
6855,"5659"
6856,"5659"
6857,"5659"
6858,"5659"
6859,"2352"
6860,"32"
6861,"1645"
6862,"5330"
6863,"5330"
6864,"5330"
6865,"5330"
6866,"7419"
6867,"2966"
6868,"7012"
6869,"7012"
6870,"7012"
6871,"7012"
6872,"7012"
6873,"7012"
6874,"7012"
6875,"7012"
6876,"7012"
6877,"7012"
6878,"7012"
6879,"7012"
6880,"7012"
6881,"7012"
6882,"7012"
6883,"2062"
6884,"10081"
6885,"7010"
6886,"7010"
6887,"1297"
6888,"1297"
6889,"6073"
6890,"6073"
6891,"6057"
6892,"5330"
6893,"8019"
6894,"1986"
6895,"5165"
6896,"877"
6897,"8549"
6898,"2"
6899,"12337"
6900,"3093"
6901,"3093"
6902,"3093"
6903,"3093"
6904,"3093"
6905,"3093"
6906,"23"
6907,"23"
6908,"23"
6909,"4248"
6910,"4248"
6911,"597"
6912,"4423"
6913,"776"
6914,"5167"
6915,"5167"
6916,"5167"
6917,"11089"
6918,"9957"
6919,"2779"
6920,"727"
6921,"4422"
6922,"4422"
6923,"4809"
6924,"6469"
6925,"9461"
6926,"1983"
6927,"7004"
6928,"7765"
6929,"605"
6930,"6900"
6931,"3608"
6932,"3608"
6933,"3608"
6934,"3608"
6935,"12466"
6936,"3912"
6937,"3912"
6938,"3912"
6939,"7230"
6940,"7175"
6941,"7175"
6942,"7175"
6943,"7175"
6944,"1233"
6945,"11534"
6946,"7709"
6947,"4481"
6948,"4481"
6949,"4481"
6950,"1684"
6951,"1684"
6952,"1684"
6953,"1684"
6954,"6762"
6955,"32"
6956,"2431"
6957,"17"
6958,"9903"
6959,"9903"
6960,"3357"
6961,"4672"
6962,"8871"
6963,"939"
6964,"7240"
6965,"10174"
6966,"10174"
6967,"10174"
6968,"8281"
6969,"8281"
6970,"8281"
6971,"8281"
6972,"8340"
6973,"1309"
6974,"1309"
6975,"1309"
6976,"3707"
6977,"3707"
6978,"8388"
6979,"1795"
6980,"1795"
6981,"1795"
6982,"1018"
6983,"135"
6984,"135"
6985,"7681"
6986,"668"
6987,"29"
6988,"29"
6989,"72"
6990,"72"
6991,"5661"
6992,"914"
6993,"2518"
6994,"2518"
6995,"2518"
6996,"32"
6997,"46"
6998,"46"
6999,"46"
7000,"46"
7001,"46"
7002,"9802"
7003,"4432"
7004,"4432"
7005,"2169"
7006,"2094"
7007,"1140"
7008,"1140"
7009,"1140"
7010,"1140"
7011,"1140"
7012,"1140"
7013,"1140"
7014,"881"
7015,"881"
7016,"2331"
7017,"2331"
7018,"2331"
7019,"1194"
7020,"2330"
7021,"289"
7022,"289"
7023,"11973"
7024,"74"
7025,"74"
7026,"9722"
7027,"10461"
7028,"6225"
7029,"417"
7030,"4"
7031,"73"
7032,"474"
7033,"374"
7034,"374"
7035,"12410"
7036,"12410"
7037,"12410"
7038,"12410"
7039,"12410"
7040,"12410"
7041,"12410"
7042,"12410"
7043,"23"
7044,"23"
7045,"9968"
7046,"5876"
7047,"5876"
7048,"5876"
7049,"6771"
7050,"6771"
7051,"34"
7052,"6981"
7053,"152"
7054,"4464"
7055,"7173"
7056,"9587"
7057,"3953"
7058,"1426"
7059,"7346"
7060,"3912"
7061,"3912"
7062,"3912"
7063,"451"
7064,"908"
7065,"908"
7066,"908"
7067,"908"
7068,"5290"
7069,"5290"
7070,"5290"
7071,"5290"
7072,"71"
7073,"5483"
7074,"1553"
7075,"12130"
7076,"96"
7077,"1489"
7078,"1489"
7079,"1489"
7080,"11711"
7081,"86"
7082,"86"
7083,"86"
7084,"2607"
7085,"10175"
7086,"10175"
7087,"10175"
7088,"5323"
7089,"67"
7090,"3683"
7091,"4033"
